<properties>
	<features>
		<feature name="Cache" value="io.dcloud.feature.pdr.CoreCacheFeatureImpl"></feature><feature name="Console" value="io.dcloud.feature.pdr.LoggerFeatureImpl"></feature><feature name="Contacts" value="io.dcloud.feature.contacts.ContactsFeatureImpl"></feature><feature name="Speech" value="io.dcloud.feature.speech.SpeechFeatureImpl">
</feature><feature name="Stream" value="io.dcloud.appstream.js.StreamAppFeatureImpl">
</feature><feature name="Audio" value="io.dcloud.feature.audio.AudioFeatureImpl"></feature><feature name="Accelerometer" value="io.dcloud.feature.sensor.AccelerometerFeatureImpl"/><feature name="Barcode" value="io.dcloud.feature.barcode.BarcodeFeatureImpl"></feature><feature name="Camera" value="io.dcloud.js.camera.CameraFeatureImpl"></feature><feature name="Device" value="io.dcloud.feature.device.DeviceFeatureImpl"></feature><feature name="Downloader" value="io.dcloud.net.DownloaderFeatureImpl"></feature><feature name="File" value="io.dcloud.js.file.FileFeatureImpl"></feature><feature name="Gallery" value="io.dcloud.js.gallery.GalleryFeatureImpl"></feature><feature name="Geolocation" value="io.dcloud.js.geolocation.GeolocationFeatureImpl"/><feature name="Invocation" value="io.dcloud.invocation.Invocation"></feature><feature name="NativeObj" value="io.dcloud.feature.nativeObj.FeatureImpl"></feature><feature name="NativeUI" value="io.dcloud.feature.ui.nativeui.NativeUIFeatureImpl"></feature><feature name="Navigator" value="io.dcloud.feature.ui.navigator.NavigatorUIFeatureImpl"></feature><feature name="Orientation" value="io.dcloud.feature.sensor.OrientationFeatureImpl"/><feature name="Proximity" value="io.dcloud.feature.sensor.ProximityFeatureImpl"></feature><feature name="Runtime" value="io.dcloud.feature.pdr.RuntimeFeatureImpl"></feature><feature name="Share" value="io.dcloud.share.ShareFeatureImpl">
</feature><feature name="Storage" value="io.dcloud.feature.pdr.NStorageFeatureImpl"></feature><feature name="Uploader" value="io.dcloud.net.UploadFeature"></feature><feature name="UI" value="io.dcloud.feature.ui.UIFeatureImpl"><module name="Navigator" value="io.dcloud.feature.ui.NavView"/></feature><feature name="XMLHttpRequest" value="io.dcloud.net.XMLHttpRequestFeature"></feature><feature name="Zip" value="io.dcloud.feature.pdr.ZipFeature"></feature><feature name="Speech" value="io.dcloud.feature.speech.SpeechFeatureImpl">
<module name="iFly" value="io.dcloud.feature.speech.IflySpeechEngine"/>
</feature>
	</features>	

	<services>
		<service name="Downloader" value="io.dcloud.net.DownloaderBootImpl"/>
	</services>
</properties>