{"launch_path":"https:\/\/h5.m.taobao.com\/#index","match":[{"domain":"taobao.com","rule":".*"},{"domain":"tmall.com","rule":".*"}],"global":{"webviewParameter":{"titleNView":{"autoBackButton":"true","backgroundColor":"#ffffff","titleColor":"#222","titleSize":"18px"},"appendCss":"#content{padding-top:0px!important}.tip-bar.clearfix,._3HtOnURvSgW7cBAWmbmyMb,.install-app,.maokeapp-price,.go-desc .dback,#J_smartjump,#J_BottomSmartBanner,.cm-weitao-follow-fixed,.smartbanner,.smartbanner-wrap,#J_moreComments,.o-c-header,#header,#footer,.footer{display:none!important}"}},"pages":[{"webviewId":"__W2A__m.taobao.com","matchUrls":[{"hostname":["^h5\\.m\\.taobao\\.com$","^m\\.taobao\\.com$","^www\\.taobao\\.com$","^taobao\\.com$"],"pathname":["^\\\/?$"]}],"webviewParameter":{"titleNView":false}},{"webviewId":"banner","matchUrls":[{"pathname":["\\\/wow\\\/food\\\/[0-9]+\\\/liangyou9$","^\\\/ecpm$","^\\\/app\\\/limittimetejia\\\/www\/.*\\\/index\\.html$","^\\\/app\\\/tejia\\\/www\\\/ten\\.html$","^\\\/markets\\\/tejia\\\/huichitejia$","^\\\/apps\\\/market\\\/act\\\/index\\.html$","\\\/markets\\\/promo\\\/[0-9]+-[0-9]+$","^\\\/act\\\/o\\\/mihoutao$","^\\\/apps\\\/abs\\\/5\\\/14\\\/page$","^\\\/wow\\\/act\\\/[0-9]+\\\/[0-9]+$"]}]},{"webviewId":"pages\/other\/test","matchUrls":[{"pathname":["^\\\/test\\\/test$"]}]},{"webviewId":"fenlei","matchUrls":[{"pathname":["^\\\/app\\\/catmap\\\/www\\\/s-nx-catmap\\\/index\\.html$"]}]},{"webviewId":"saomagou","matchUrls":[{"pathname":["^\\\/qrbuy\\\/sdk\\.html$"]}],"webviewParameter":{"appendJs":"js\/saoma.js"}},{"webviewId":"saomagoudetail","matchUrls":[{"hostname":["^s\\.m\\.taobao\\.com$"],"pathname":["^\\\/h5$"]}],"webviewParameter":{"appendCss":"._1DrF-Ndoxy1b882RZcUtzX._1bKOWZpFDSZMyGm5qZHZAU{display:none!important}"}},{"webviewId":"pages\/other\/couponedetail","matchUrls":[{"pathname":["^\\\/coupon\\\/edetail$"]}]},{"webviewId":"fenleimarketshot","matchUrls":[{"search":["\\\/markets\\\/fenlei\\\/marketshot\\\/cloth"]}],"webviewParameter":{"appendCss":".share{display:none!important}"}},{"webviewId":"pages\/other\/wtmall","matchUrls":[{"hostname":["^jx\\.tmall\\.com$","^www\\.tmall\\.com$"],"pathname":["^\\\/$"]}],"webviewParameter":{"titleNView":{"titleText":"\u5929\u732b"},"appendCss":".app-download-popup,.go-tmall,[compile-type='image']{display:none!important}"}},{"webviewId":"pages\/other\/wjuhuasuan","matchUrls":[{"hostname":["^jhs\\.m\\.taobao\\.com$"],"pathname":["^\\\/m\\\/index\\.htm$"]}],"webviewParameter":{"titleNView":{"titleText":"\u805a\u5212\u7b97"},"appendCss":"#pageDialog,.jx-myhome,.jx-juapp-guid{display:none !important}"}},{"webviewId":"jhs_qqjx","matchUrls":[{"pathname":["^\\\/m\\\/jusp\\\/nv\\\/haiwaiju\\\/mtp\\.htm$","^\\\/wow\\\/ju\\\/act\\\/fcdp2017$","^\\\/act\\\/nv\\\/mingpin2016$"]}],"webviewParameter":{"appendCss":"#wapHeader{display:none!important}body{padding-top:50px!important}"}},{"webviewId":"pages\/mytaobao\/wmyTaobao","matchUrls":[{"pathname":["^\\\/myTaobao\\.html$"]}],"webviewParameter":{"appendCss":".history-back-icon{display:none!important}html,body{background:#fff !important}.gotop{bottom:54px !important}","titleNView":{"titleText":"\u6211\u7684\u6dd8\u5b9d"}}},{"webviewId":"pages\/cart\/cart","matchUrls":[{"pathname":["^\\\/awp\\\/base\\\/bag\\.htm$","^\\\/cart\\\/myCart\\.htm$","^\\\/mlapp\\\/cart\\.html$","^\\\/awp\\\/base\\\/cart\\.htm$"]}],"webviewParameter":{"titleNView":false,"statusbar":{"background":""},"appendCss":".o-c-header{position: fixed;top: 0;left: 0;z-index: 1000;}body{padding-top: 1.2rem;}"}},{"webviewId":"pages\/order\/order","matchUrls":[{"pathname":["^\\\/cart\\\/order\\.html$","^\\\/awp\\\/base\\\/order\\.htm$","^\\\/order\\\/confirm_order_wap\\.htm$","^\\\/trip\\\/flight-refactor\\\/order\\\/index\\.html$","^\\\/trip\\\/hotel\\\/order\\\/order-confirm\\.html$","^\\\/trip\\\/confirm\\\/holiday-confirm\\\/index\\.html$","^\\\/trip\\\/car\\\/order\\\/confirm\\.html$","^\\\/trip\\\/train\\\/order\\\/confirm\\.html$","^\\\/app\\\/waimai2\\\/www\\\/confirm-order\\\/index\\.html$","^\\\/awp\\\/base\\\/buy\\.htm$","^\\\/app\\\/movie\\\/pages\\\/index\\\/order\\.html$","^\\\/order\\\/confirmOrderWap\\.htm$"]}],"webviewParameter":{"titleNView":{"titleText":"\u8ba2\u5355\u8be6\u60c5"},"appendCss":".o-c-header .back,.page.page-store .header,.page.page-store .header .back{display:none!important}.o-c-header,.page.page-store .header{color:#ffffff}"}},{"webviewId":"worder_odetail","matchUrls":[{"pathname":["^\\\/mlapp\\\/odetail\\.html$"]}],"webviewParameter":{"titleNView":{"titleText":"\u8ba2\u5355\u8be6\u60c5"},"appendCss":"header#m-header,.header,div[name*=huabei]{display:none !important}"},"easyConfig":{"back":{"history":false}}},{"webviewId":"wtuikuan","matchUrls":[{"pathname":["^\\\/gaia\\\/apply\\.html$","^\\\/dispute\\\/wirelessApplyRouter\\.htm$"]}],"webviewParameter":{"titleNView":{"titleText":"\u7533\u8bf7\u9000\u6b3e"}},"easyConfig":{"back":{"history":false}}},{"webviewId":"pages\/login\/login","matchUrls":[{"pathname":["^\\\/login\\.htm$"]}],"webviewParameter":{"titleNView":{"titleText":"\u767b\u5f55"},"appendCss":".head,#forget{display: none !important;}"},"easyConfig":{"fastInput":[{"selector":".mt-10 #username","type":"tel"}]}},{"webviewId":"pages\/other\/wuliu","matchUrls":[{"pathname":["^\\\/awp\\\/mtb\\\/olist\\.htm$","^\\\/awp\\\/mtb\\\/oper\\.htm$"]}],"webviewParameter":{"titleNView":{"titleText":"\u7269\u6d41"},"appendCss":".navbar{height:44px !important}"}},{"webviewId":"wuse","matchUrls":[{"pathname":["\\\/wow\\\/portal\\\/act\\\/wuse-list"]}]},{"webviewId":"pages\/mytaobao\/myTaoBaolist","matchUrls":[{"pathname":["^\\\/mlapp\\\/olist\\.html$"]}],"webviewParameter":{"titleNView":{"titleText":"\u8ba2\u5355\u7ba1\u7406"},"appendCss":".header,div[name*=huabei]{display:none !important}"}},{"webviewId":"pages\/mytaobao\/fav","matchUrls":[{"hostname":["^h5\\.m\\.taobao\\.com$"],"pathname":["^\\\/fav\\\/index\\.htm$"]}],"webviewParameter":{"appendCss":"div[name*=huabei]{display:none !important}","titleNView":false,"statusbar":{"background":"#ffffff"}},"easyConfig":{"back":{"selector":".icon-back"}}},{"webviewId":"wtmallfenlei","matchUrls":[{"pathname":["^\\\/wh\\\/tmall\\\/fushi\\\/act\\\/neiyi$","^\\\/wh\\\/tmall\\\/fushi\\\/act\\\/sports$","^\\\/wh\\\/tmall\\\/baihuo\\\/act\\\/meizhuang$","^\\\/wh\\\/tmall\\\/baihuo\\\/act\\\/jiajujiafang$","^\\\/wow\\\/baihuo\\\/act\\\/dai$","^\\\/czda\\\/index\\.htm$","^\\\/wh\\\/tmall\\\/baihuo\\\/act\\\/tmsc$","^\\\/wh\\\/tmall\\\/fushi\\\/act\\\/nvzhuang$","^\\\/wh\\\/tmall\\\/baihuo\\\/act\\\/shoes$","^\\\/wh\\\/tmall\\\/fushi\\\/act\\\/nanzhuang$","^baby\\.m\\.tmall\\.com$","^shouji\\.tmall\\.com$","^3c\\.m\\.tmall\\.com$","^bag\\.tmall\\.com$","^food\\.m\\.tmall\\.com$","^nvzhuang\\.tmall\\.com$","^nvxie\\.tmall\\.com$","^nanzhuang\\.tmall\\.com$","^yao\\.m\\.tmall\\.com$"]}]},{"webviewId":"pages\/other\/wtmallshop","matchUrls":[{"pathname":["^\\\/shop\\\/view_shop\\.htm$"]}],"webviewParameter":{"appendCss":"._3g__OaMkAdTPBVUE9i8YfH,#js-viewport,.bottom,.footer.c-footer,.shop-nav-back,#footer,._1OgXhl_flwlyUHwE89wic1._3ixufhj-Y__T3MRFd-mfbg{display:none !important}#we-page{margin-top:0 !important;}"}},{"webviewId":"pages\/product\/wtmallcsdetail","matchUrls":[{"pathname":["^\\\/item\\.htm$"]}],"webviewParameter":{"appendCss":"#m-header,#J_smartjump{display:none!important}"}},{"webviewId":"pages\/product\/wtmalldetail","matchUrls":[{"hostname":["^detail\\.m\\.tmall\\.com$","^detail\\.m\\.tmall\\.hk$","^detail\\.tmall\\.com$","^detail\\.tmall\\.hk$"],"pathname":["^\\\/item\\.htm$","^\\\/hk\\\/item\\.htm$"]}],"webviewParameter":{"subNViews":"pages\/product\/tmallproduct.nview","appendCss":"#s-header .review b{font-weight: 100!important;}#s-title h1{font-size:16px!important}.header-dom{display: none;}#content,.pt85{padding-top:0px!important;}#content.pt44{padding-top:0px!important;}#s-actionBar-container .action-bar{color:#051b28}#s-actionBar-container .trade .cart{background: #ff9402!important;}.sys_button.buy,.trade .buy{background: #FF0036!important;}.detail-base-smart-banner,.app-download-popup,.mui-sb-box,.go-desc .dback,#J_smartjump,.maokeapp-price,#m-header{display: none!important;}#description{margin-top: 0px!important;}#s-review > div{padding-top:20px!important;}","titleNView":false}},{"webviewId":"pages\/product\/wdetail","matchUrls":[{"hostname":[".*(taobao|alitrip|etao)\\.com"],"pathname":["^\\\/awp\\\/core\\\/detail\\.htm$","^\\\/2shou\\\/mtdetail\\\/index\\.html$","^\\\/trip\\\/ticket\\\/detail\\.htm$"]}],"webviewParameter":{"subNViews":"pages\/product\/product.nview","titleNView":false,"appendCss":".o-ratepop-btm.show{padding-top: 20px;}#s-title h1,.title_share h1{font-size:16px!important}.header-dom,.footer{display: none;}#content,.pt85,.pt44{padding-top:0px !important;}#s-actionBar-container .action-bar{color:#051b28}#s-actionBar-container .trade .cart{background: #ff9402;}#s-actionBar-container .trade .buy{background: #ff5000!important;}.sys_button.cart,.sys_button.buy{font-size: 15px!important}.app-detail .bottom_bar .icon{width:18px!important;height:18px!important;}.bottom_bar{height: 49px!important;}.bottom_bar_fav{width: 50px!important;}.bottom_bar_icon{width: 50px!important;height: 49px!important;}.detail-base-smart-banner,.app-download-popup,.mui-sb-box,.navi_item.back,._3HtOnURvSgW7cBAWmbmyMb._13RGBxKBfX2TEKXjP3I0Uf,.navi_item.cart,#J_loading,.arrow_back,._3g__OaMkAdTPBVUE9i8YfH,.maokeapp-price,.go-desc .dback,#J_smartjump,._1OgXhl_flwlyUHwE89wic1._13RGBxKBfX2TEKXjP3I0Uf,._1DrF-Ndoxy1b882RZcUtzX._2AsrdvIpfz8ksz9po6VUoc,.nZ5uAp1XCP-BKExYE5MQG{display:none!important}html,body{background:#fff !important;padding-top:0px!important;}.navi_bar{position:fixed!important}#description{margin-top: 0px!important;}#s-review > div{padding-top:20px!important;}"}},{"webviewId":"pages\/product\/wotherdetail","matchUrls":[{"hostname":[".*(taobao|alitrip)\\.com"],"pathname":["^\\\/market\\\/ju\\\/detail_wap\\.php$","^\\\/trip\\\/travel-detail\\\/index\\\/index\\.html$","^\\\/content\\\/detail\\.html$"]}],"webviewParameter":{"titleNView":{"titleText":"\u5b9d\u8d1d\u8be6\u60c5"},"appendCss":".trip-smart-banner.sb-open{display:none}body{padding-top: 0px!important;}"}},{"webviewId":"pages\/product\/public1","matchUrls":[{"pathname":["^\\\/markets\\\/h5\\\/5zhe$"]}]},{"webviewId":"appcatemap","matchUrls":[{"pathname":["^\\\/app\\\/catemap\\\/www\\\/index\\\/index\\.html$"]}]},{"webviewId":"pages\/product\/public2","matchUrls":[{"pathname":["^\\\/ump\\\/coupon\\\/detail\\\/index\\.html$"]}],"webviewParameter":{"appendCss":"body{padding-top:0px!important}#header,.topnav .btngroup{display:none !important;}"}},{"webviewId":"public3","matchUrls":[{"pathname":["^\\\/m\\\/jusp\\\/alone\\\/branditem\\\/mtp\\.htm$","^\\\/market\\\/ju\\\/branddetail\\.php$","^\\\/app\\\/jucoupon\\\/couponlist\\.html$","^\\\/trip\\\/flight\\\/searchlist\\\/index\\.html$","^\\\/trip\\\/flight\\\/myorder\\\/list\\.html$","^\\\/trip\\\/flight\\\/onsale\\\/index\\.html$","^\\\/pocket\\\/index-5\\.htm$","^\\\/pocket\\\/solution\\.htm$","^\\\/trip\\\/hotel\\\/detail\\\/detail\\.html$","^\\\/trip\\\/inn\\\/search\\\/keywordlist\\.html$","^\\\/trip\\\/redpackets\\\/detail\\\/index\\.html$","^\\\/markets\\\/h5\\\/shangri-la\\\/99$","^\\\/trip\\\/holiday\\\/searchlist\\\/list\\.html$","^\\\/trip\\\/car\\\/searchlist\\\/index_new\\.html$","^\\\/trip\\\/member\\\/member-level\\\/index\\.html$","^\\\/trip\\\/train\\\/train-detail\\\/index\\.html$","^\\\/markets\\\/h5\\\/preference$","^\\\/trip\\\/holiday\\\/surrounding\\\/list\\.html$","^\\\/trip\\\/ticket\\\/list\\\/index\\.html$","^\\\/markets\\\/h5\\\/USATravel_mddzhuantiye$","^\\\/trip\\\/localplay\\\/home\\\/index\\.html$","^\\\/markets\\\/trip1111\\\/baokuan\\\/spread$","^\\\/markets\\\/h5\\\/guoneiyou$","^\\\/markets\\\/h5\\\/alitripzhuanxianjingxuan$","^\\\/markets\\\/h5\\\/chujing_mddzhuantiye$","^\\\/trip\\\/visa\\\/search\\\/index\\.html$"]}],"easyConfig":{"back":{"history":false}}},{"webviewId":"public4","matchUrls":[{"pathname":["^\\\/trip\\\/flight\\\/otalist\\\/index\\.html$","^\\\/markets\\\/h5\\\/h5-flight-opportunity-guide$","^\\\/markets\\\/h5\\\/h5-flight-opportunity-guide$","^\\\/trip\\\/flight\\\/myorder\\\/detail\\.html$","^\\\/trip\\\/hotel\\\/reviewlist\\\/index\\.html$","^\\\/trip\\\/hotel\\\/detail\\\/detail-map\\.html$","^\\\/trip\\\/ticket\\\/scenic-spot\\\/detail-map\\.html$","^\\\/trip\\\/newdiscover\\\/askList\\\/index\\.html$","^\\\/trip\\\/hotel\\\/detail\\\/detail-service\\.html$","^\\\/trip\\\/member\\\/exchange-item\\\/index\\.html$","^\\\/trip\\\/ticket\\\/searchlist\\\/maplist\\.html$","^\\\/markets\\\/h5\\\/eastasia_mddzhuantiye$","^\\\/trip\\\/visa\\\/searchlist\\\/index\\.html$","^\\\/trip\\\/holiday-category\\\/rentcar\\\/list\\.html$","^\\\/trip\\\/holiday-category\\\/ship\\\/list\\.html$"]}]},{"webviewId":"publicHeaderDock","matchUrls":[{"pathname":["^\\\/trip\\\/hotel\\\/detail\\\/pic-list\\.html$","^\\\/trip\\\/newdiscover\\\/createQu\\\/index\\.html$"]}]},{"webviewId":"public5","matchUrls":[{"pathname":["^\\\/m\\\/jusp\\\/alone\\\/[a-z]+\\\/mtp\\.htm$"]}]},{"webviewId":"wtaobaoshop","matchUrls":[{"pathname":["^\\\/shop\\\/shop_index\\.htm$","^\\\/shop\\\/shopIndex\\.htm$","^\\\/shop[0-9]+\\.taobao\\.com\\\/index\\.html$"]}],"webviewParameter":{"appendCss":"._3HtOnURvSgW7cBAWmbmyMb,#js-viewport,.bottom,.footer.c-footer,#J_BottomSmartBanner,#footer,._3g__OaMkAdTPBVUE9i8YfH{display:none !important}#we-page{margin-top:0 !important;}"}},{"webviewId":"pages\/search\/search","matchUrls":[{"hostname":["^ai\\.m\\.taobao\\.com$"],"pathname":["^\\\/search\\.html$"]}],"webviewParameter":{"subNViews":"pages\/search\/search.nview","titleNView":{"titleText":"\u6dd8\u5b9d\u641c\u7d22"}}},{"webviewId":"taoqianggou","matchUrls":[{"pathname":["^\\\/m\\\/jusp\\\/alone\\\/index\\\/mtp\\.htm$","^\\\/m\\\/jusp\\\/nv\\\/1212biqiang\\\/mtp\\.htm$","^\\\/m\\\/jusp\\\/alone\\\/hot\\\/mtp\\.htm$","^\\\/m\\\/jusp\\\/alone\\\/encore\\\/mtp\\.htm$","^\\\/m\\\/jusp\\\/o\\\/qgbrand\\\/mtp\\.htm$","^\\\/m\\\/jusp\\\/alone\\\/category\\\/mtp\\.htm$"]}],"webviewParameter":{"titleNView":{"titleText":"\u6dd8\u62a2\u8d2d"}}},{"webviewId":"jhs_fcdp","matchUrls":[{"pathname":["^\\\/act\\\/o\\\/fcdp0706$"]}]},{"webviewId":"pages\/other\/wpdublicdHeader","matchUrls":[{"pathname":["^\\\/awp\\\/base\\\/cart\\.htm$"]}],"webviewParameter":{"appendCss":".header-wap,#header,#footer,.footer.c-footer,._3HtOnURvSgW7cBAWmbmyMb,._3g__OaMkAdTPBVUE9i8YfH{display: none !important;}"}},{"webviewId":"pages\/order\/alipaydaifu","matchUrls":[{"hostname":["^auth\\.alipay\\.com$"]}],"webviewParameter":{"titleNView":{"titleText":"\u652f\u4ed8\u5b9d"}}},{"webviewId":"pages\/order\/safecheck","matchUrls":[{"pathname":["^\\\/iv\\\/h5\\\/h_5_identity_verify\\.htm$","^\\\/iv\\\/remote\\\/h5\\\/login_check\\.htm$","^\\\/iv\\\/h5\\\/h_5_verify_modes\\.htm$"]}],"webviewParameter":{"titleNView":{"titleText":"\u5b89\u5168\u68c0\u67e5"}}},{"webviewId":"pages\/order\/whuodong","matchUrls":[{"pathname":["^\\\/trade\\\/paysuc\\.html$","^\\\/buy\\\/paySuccess\\.html$","^\\\/app\\\/trade\\\/paysuc\\.html$"]}],"webviewParameter":{"titleNView":{"titleText":"\u8ba2\u5355\u8be6\u60c5"}}},{"webviewId":"pages\/order\/walipay","matchUrls":[{"hostname":["^d\\.m\\.taobao\\.com$"],"pathname":["^goAlipay\\.htm$"]}],"webviewParameter":{"statusbar":{"background":""},"titleNView":false}},{"webviewId":"wguoji","matchUrls":[{"pathname":["^\\\/app\\\/global\\\/www\\\/index\\\/index\\.html$"]}],"webviewParameter":{"titleNView":{"titleText":"\u5929\u732b\u56fd\u9645"}},"easyConfig":{"back":{"history":false}}},{"webviewId":"wquanqiujinxuan","matchUrls":[{"pathname":["^\\\/m\\\/jusp\\\/nv\\\/globaltmall\\\/mtp\\.htm$"]}],"webviewParameter":{"titleNView":{"titleText":"\u5168\u7403\u7cbe\u9009"}}},{"webviewId":"pages\/other\/whk","matchUrls":[{"pathname":["^\\\/wh\\\/tmall\\\/import\\\/act\\\/mp-pc-2015$"]}],"webviewParameter":{"titleNView":{"titleText":"\u5929\u732b\u56fd\u9645"}}},{"webviewId":"wchongzhi","matchUrls":[{"pathname":["^\\\/app\\\/cz\\\/cost\\.html$","^\\\/app\\\/recharge\\\/www\\\/home\\\/index\\.html$"]}],"webviewParameter":{"titleNView":{"titleText":"\u5145\u503c\u4e2d\u5fc3"}}},{"webviewId":"wwang","matchUrls":[{"pathname":["^\\\/ww\\\/index\\.htm$","^\\\/wap\\\/robot\\.htm$","^\\\/bao\\\/uploaded\\\/TB1cPkXNVXXXXXNXFXXXXXXXXXX\\.htm$"]}],"webviewParameter":{"titleNView":{"titleText":"\u65fa\u65fa"}}},{"webviewId":"pages\/other\/wlvxing","matchUrls":[{"pathname":["^\\\/app\\\/triphome\\\/pages\\\/home\\\/index\\.html$","^\\\/trip\\\/home\\\/index\\.html$","^\\\/trip\\\/home\\\/home\\\/index\\.html$","^\\\/trip\\\/home\\\/city\\\/index\\.html$"]}],"webviewParameter":{"titleNView":{"titleText":"\u963f\u91cc\u65c5\u884c"},"appendCss":".trip-smart-banner{display:none!important}"}},{"webviewId":"wlvxingtemai","matchUrls":[{"pathname":["^\\\/app\\\/triphome\\\/pages\\\/home\\\/index\\.html$","^\\\/markets\\\/h5\\\/lvyoutemairexiaobang$","^\\\/markets\\\/h5\\\/lvyoutemai$"]}],"webviewParameter":{"titleNView":{"titleText":"\u65c5\u884c\u7279\u5356"}},"easyConfig":{"back":{"history":false}}},{"webviewId":"wchujingchaoshi","matchUrls":[{"pathname":["^\\\/trip\\\/market\\\/home\\\/index\\.html$"]}],"webviewParameter":{"titleNView":{"titleText":"\u51fa\u5883\u8d85\u5e02"}}},{"webviewId":"pages\/other\/publicignore","matchUrls":[{"pathname":["^\\\/wow\\\/pegasus\\\/subject\\\/0\\\/2581958527\\\/3236636$"]}]},{"webviewId":"wmeijia","matchUrls":[{"pathname":["^\\\/wow\\\/jz\\\/act\\\/meijia$"]}],"webviewParameter":{"titleNView":{"titleText":"\u7f8e\u5bb6\u7cbe\u9009"}}},{"webviewId":"pages\/other\/wjinbi","matchUrls":[{"pathname":["^\\\/app\\\/tjb\\\/www\\\/index3\\.html$","^\\\/apps\\\/market\\\/tjb\\\/index\\.html$"]}],"webviewParameter":{"titleNView":{"titleText":"\u6dd8\u91d1\u5e01"}}},{"webviewId":"wtoutiao","matchUrls":[{"pathname":["^\\\/headlines\\\/hlHomepage\\.html$"]}],"webviewParameter":{"titleNView":{"titleText":"\u6dd8\u5b9d\u5934\u6761"}}},{"webviewId":"pages\/other\/headlinedetail","matchUrls":[{"pathname":["^\\\/headlines\\\/detail\\\/index\\.html$","^\\\/headlines\\\/qa-detail\\\/index\\.html$"]}],"webviewParameter":{"titleNView":{"titleText":"\u5934\u6761\u8be6\u60c5"},"appendCss":"body > div{z-index:10000!important}"}},{"webviewId":"wshenghuojia","matchUrls":[{"pathname":["^\\\/wow\\\/portal\\\/act\\\/shenghuojia-index$"]}],"webviewParameter":{"titleNView":{"titleText":"\u751f\u6d3b\u5bb6"}}},{"webviewId":"wshenghuojiadetail","matchUrls":[{"pathname":["^\\\/wow\\\/portal\\\/act\\\/shenghuojia-detail$"]}],"webviewParameter":{"titleNView":{"titleText":"\u751f\u6d3b\u5bb6\u8be6\u60c5"}}},{"webviewId":"wshenghuojiashop","matchUrls":[{"pathname":["^\\\/wow\\\/portal\\\/act\\\/shenghuojia-shop$"]}],"webviewParameter":{"titleNView":{"titleText":"\u751f\u6d3b\u5bb6\u5546\u5e97"}}},{"webviewId":"wdapai","matchUrls":[{"pathname":["^\\\/market\\\/ju\\\/ppj\\.php$"]}],"webviewParameter":{"titleNView":{"titleText":"\u975e\u5e38\u5927\u724c"},"appendCss":""}},{"webviewId":"pages\/search\/wsearchProduct","matchUrls":[{"pathname":["^\\\/search_product\\.htm$","^\\\/m\\\/search\\.htm$"]}]},{"webviewId":"w3c","matchUrls":[{"hostname":["^3c\\.m\\.tmall\\.com$","^www\\.tmall\\.com$","^shouji\\.tmall\\.com$"],"pathname":["^\\\/$","^\\\/wow\\\/tmall-3c\\\/$"]}],"webviewParameter":{"titleNView":{"titleText":"\u5929\u732b\u7535\u5668\u57ce"}}},{"webviewId":"wtoutiaodetail","matchUrls":[{"pathname":["^\\\/daren\\\/toutiaoDetail\\.html$"]}],"webviewParameter":{"titleNView":{"titleText":"\u5934\u6761\u8be6\u60c5"}}},{"webviewId":"wlanlan","matchUrls":[{"pathname":["^\\\/lanlan\\\/index\\.html$"]}],"webviewParameter":{"appendCss":""}},{"webviewId":"wlanlandetail","matchUrls":[{"pathname":["^\\\/guide\\\/detail\\.html$"]}]},{"webviewId":"tagsearch","matchUrls":[{"pathname":["^\\\/lanlan\\\/tagsearch\\.html$"]}]},{"webviewId":"wbimai","matchUrls":[{"pathname":["^\\\/buy\\\/qingdan\\\/list\\.html$","^\\\/apps\\\/market\\\/qingdan\\\/list\\.html$"]}],"webviewParameter":{"titleNView":{"titleText":"\u5fc5\u4e70\u6e05\u5355"}}},{"webviewId":"qingdandetail","matchUrls":[{"pathname":["^\\\/buy\\\/qingdan\\\/detail\\.html$"]}]},{"webviewId":"wlirengou","matchUrls":[{"hostname":["^ladygo\\.m\\.tmall\\.com$"],"pathname":["^\\\/m\\\/index\\.htm$"]}],"webviewParameter":{"titleNView":{"titleText":"\u4fea\u4eba\u8d2d"}}},{"webviewId":"wfensi","matchUrls":[{"pathname":["^\\\/tm-member\\\/fans-main\\\/index$"]}],"webviewParameter":{"titleNView":{"titleText":"\u7c89\u4e1d\u8db4"}}},{"webviewId":"wfensidetail","matchUrls":[{"search":["tmallfans\\\/.*?\\\/fans-detail\\\/index"]}],"webviewParameter":{"titleNView":{"titleText":"\u7c89\u4e1d\u8db4\u8be6\u60c5"}}},{"webviewId":"wlirengoulist","matchUrls":[{"pathname":["^\\\/m\\\/caiItemList\\.htm$","^\\\/m\\\/miaoItem\\.htm$","^\\\/m\\\/item_list\\.htm$","^\\\/m\\\/itemList\\.html$"]}],"webviewParameter":{"titleNView":{"titleText":"\u4fea\u4eba\u8d2d"}}},{"webviewId":"pages\/other\/wlirengoudetail","matchUrls":[{"hostname":["^ladygo\\.m\\.tmall\\.com$","^ladygo\\.tmall\\.com$"],"pathname":["^\\\/item\\.htm$","^\\\/m\\\/item\\.htm$","^\\\/m\\\/index\\.htm$"]}],"webviewParameter":{"titleNView":{"titleText":"\u4fea\u4eba\u8d2d\u5546\u54c1\u8be6\u60c5"}}},{"webviewId":"pages\/other\/waiguangjie","matchUrls":[{"pathname":["^\\\/guang\\\/$"]}],"webviewParameter":{"titleNView":{"titleText":"\u7231\u901b\u8857"}}},{"webviewId":"guangwebdetail","matchUrls":[{"pathname":["^\\\/app\\\/guangweb\\\/www\\\/detail\\.html$"]}]},{"webviewId":"whuichi","matchUrls":[{"pathname":["^\\\/china\\\/index\\\/index\\.html$"],"search":["china\\\/.*?\\\/index\\.html"]}],"webviewParameter":{"titleNView":{"titleText":"\u6dd8\u5b9d\u6c47\u5403"}}},{"webviewId":"wtaopiappiao","matchUrls":[{"pathname":["^\\\/app\\\/movie\\\/pages\\\/index\\\/index\\.html$","^\\\/movie\\\/tbm\\\/home\\.html$"]}],"webviewParameter":{"titleNView":{"titleText":"\u6dd8\u7968\u7968"}}},{"webviewId":"wmeilihui","matchUrls":[{"pathname":["^\\\/wow\\\/mlh\\\/act\\\/meilihui$"]}],"webviewParameter":{"titleNView":{"titleText":"\u9b45\u529b\u60e0"}}},{"webviewId":"wmoda","matchUrls":[{"pathname":["^\\\/wh\\\/tmall\\\/fushi\\\/act\\\/vitual$"]}],"webviewParameter":{"titleNView":{"titleText":"\u9b54\u642d"}},"easyConfig":{"back":{"history":false}}},{"webviewId":"wpingpaizixun","matchUrls":[{"pathname":["^\\\/wow\\\/brand\\\/act\\\/fashion$"]}],"webviewParameter":{"titleNView":{"titleText":"\u54c1\u724c\u8d44\u8baf"}}},{"webviewId":"wpingpaizixungoodbrand","matchUrls":[{"pathname":["^\\\/wow\\\/brand\\\/act\\\/goodbrand$"]}],"webviewParameter":{"titleNView":{"titleText":"\u4ec0\u4e48\u724c\u5b50\u597d"}}},{"webviewId":"wtmallpingpaizixun","matchUrls":[{"pathname":["^\\\/wow\\\/brand\\\/act\\\/fashion$"]}],"webviewParameter":{"titleNView":{"titleText":"\u54c1\u724c\u8d44\u8baf"}}},{"webviewId":"w2","matchUrls":[{"pathname":["^\\\/app\\\/auction\\\/www\\\/index\\.html$"]}],"webviewParameter":{"titleNView":{"titleText":"\u54b8\u9c7c"}}},{"webviewId":"wjifen","matchUrls":[{"pathname":["^\\\/wh\\\/tmall\\\/jifen\\\/act\\\/get-point$"]}],"webviewParameter":{"titleNView":{"titleText":"\u79ef\u5206\u4e50\u56ed"}}},{"webviewId":"wdaojia","matchUrls":[{"pathname":["^\\\/app\\\/daojia\\\/www\\\/index\\\/index\\.html$"]}],"webviewParameter":{"titleNView":{"titleText":"\u5230\u5bb6"}}},{"webviewId":"wdaojialist","matchUrls":[{"pathname":["^\\\/app\\\/daojia\\\/www\\\/shop-list\\\/index\\.html$"]}],"webviewParameter":{"titleNView":{"titleText":"\u5230\u5bb6\u5217\u8868"}}},{"webviewId":"wdaojiashop","matchUrls":[{"pathname":["^\\\/app\\\/daojia\\\/www\\\/shop\\\/index\\.html$"]}],"webviewParameter":{"titleNView":{"titleText":"\u5230\u5bb6\u5e97\u94fa"}}},{"webviewId":"wdaojiadetail","matchUrls":[{"pathname":["^\\\/app\\\/daojia\\\/www\\\/itemdetails\\\/index\\.html$"]}],"webviewParameter":{"titleNView":{"titleText":"\u5230\u5bb6\u8be6\u60c5"}}},{"webviewId":"wifashion","matchUrls":[{"pathname":["^\\\/app\\\/ifashion\\\/www\\\/find\\\/index\\.html$"]}],"webviewParameter":{"titleNView":{"titleText":"iFashion"}}},{"webviewId":"wtiantiantejia","matchUrls":[{"pathname":["^\\\/app\\\/tejia\\\/www\\\/index\\\/index\\.html$"]}],"webviewParameter":{"titleNView":{"titleText":"\u5929\u5929\u7279\u4ef7"}}},{"webviewId":"tttejialsit","matchUrls":[{"pathname":["^\\\/app\\\/limittimetejia\\\/www\\\/index\\\/index\\.html$"]}]},{"webviewId":"pages\/other\/wchaoshi","matchUrls":[{"pathname":["^\\\/wow\\\/chaoshi\\\/act\\\/cszs-11$"]}],"webviewParameter":{"appendCss":"#mallPage .brand-tabs{top:0px!important}#chaoshi-activity-hot-brands{margin-top:16px!important}"}},{"webviewId":"chaoshi_child","matchUrls":[{"pathname":["^\\\/fresh\\.htm$","^\\\/industry-market\\.htm$","^\\\/daily-sale\\.htm$","^\\\/hq-goods\\.htm$","^\\\/liangfan\\.htm$","^\\\/wow\\\/chaoshi\\\/act\\\/bbcawe$"]}],"webviewParameter":{"appendCss":""}},{"webviewId":"wchaoshi2","matchUrls":[{"search":["\\\/wow\\\/chaoshi\\\/act\\\/?"]}],"webviewParameter":{"appendCss":""}},{"webviewId":"wshiyong","matchUrls":[{"pathname":["^\\\/wow\\\/baihuo\\\/act\\\/trial$"]}],"webviewParameter":{"titleNView":{"titleText":"\u963f\u91cc\u8bd5\u7528"},"appendCss":"#mallPage #header{display: none !important;}"}},{"webviewId":"wzhongchou","matchUrls":[{"pathname":["^\\\/apps\\\/kickgogo\\\/default\\\/kick2016$"],"search":["\\\/markets\\\/hi\\\/"]}],"webviewParameter":{"titleNView":{"titleText":"\u6dd8\u5b9d\u4f17\u7b79"}}},{"webviewId":"tryliucheng","matchUrls":[{"pathname":["^\\\/market\\\/try\\\/shiyongwuxianliucheng\\.html$"]}]},{"webviewId":"jshoucang","matchUrls":[{"pathname":["^\\\/jhsm\\\/h5-app-jufav\\.html$"]}]},{"webviewId":"pages\/other\/allProduct","matchUrls":[{"pathname":["^\\\/shop\\\/shop_auction_search\\.htm$"]}],"webviewParameter":{"appendCss":".to-shop-mp{display: block !important; position: absolute !important; top: 14px !important; width: 20px !important; height: 20px !important; left: 15px !important; background: url(\"data:image\/svg+xml;charset=utf-8,%3Csvg xmlns='http:\/\/www.w3.org\/2000\/svg' viewBox='0 0 12 20'%3E%3Cpath d='M10 0l2 2-8 8 8 8-2 2L0 10 10 0z' fill='%23fff'\/%3E%3C\/svg%3E\") no-repeat !important; }#footer,#J_BottomSmartBanner,#J_head{display:none!important}"}},{"webviewId":"umpcoupon","matchUrls":[{"pathname":["^\\\/ump\\\/coupon\\\/detail\\\/index\\.html$"]}],"webviewParameter":{"titleNView":{"titleText":"\u9886\u53d6\u4f18\u60e0\u5238"}}},{"webviewId":"alonegxgvsjj","matchUrls":[{"pathname":["^\\\/markets\\\/h5\\\/doudi1021_rule$","^\\\/m\\\/jusp\\\/alone\\\/gxgvsjj\\\/mtp\\.htm$","^\\\/m\\\/jusp\\\/alone\\\/miandanrule\\\/mtp\\.htm$","^\\\/markets\\\/trip1111\\\/jphdgz$","^\\\/trip\\\/flightnew\\\/pack-introduction\\\/index\\.html$","^\\\/trip\\\/member\\\/member-level\\\/add-member\\.html$"]}],"webviewParameter":{"titleNView":{"titleText":"\u8be6\u60c5"}}},{"webviewId":"pages\/other\/shopnewhtm","matchUrls":[{"pathname":["^\\\/shop\\\/shop-new\\.htm$","^\\\/shop\\\/shop-dynamic\\.htm$"]}]},{"webviewId":"headlinesdetail","matchUrls":[{"pathname":["^\\\/headlines\\\/qa-detail\\\/index\\.html$"]}],"webviewParameter":{"appendCss":".rx-scrollview ~ div > div:nth-child(3),.bottomBar div:nth-child(5){display:none!important;}"}},{"webviewId":"appsgoodshops","matchUrls":[{"pathname":["^\\\/apps\\\/goodshops\\\/index\\\/index\\.html$","^\\\/apps\\\/goodshops\\\/index\\\/recommend\\.html$"]}]},{"webviewId":"appquality","matchUrls":[{"pathname":["^\\\/app\\\/quality\\\/www\\\/portal\\\/index\\.html$"]}],"webviewParameter":{"titleNView":{"titleText":"\u4e2d\u56fd\u8d28\u9020"}}},{"webviewId":"actluxury","matchUrls":[{"pathname":["^\\\/wow\\\/mit\\\/act\\\/luxury$"]}],"webviewParameter":{"appendCss":".left-icon.nav-back{display:none!important;}"},"easyConfig":{"back":{"history":false}}},{"webviewId":"taobaohuichi","matchUrls":[{"pathname":["^\\\/china\\\/index\\\/index\\.html$","^\\\/markets\\\/food\\\/hcymsgw$","apps\\\/market\\\/chi\\\/.*\\.html"]}],"webviewParameter":{"titleNView":{"titleText":"\u6dd8\u5b9d\u6c47\u5403"}},"easyConfig":{"back":{"history":false}}},{"webviewId":"waimai","matchUrls":[{"pathname":["^\\\/app\\\/waimai\\\/index\\.html$"]}]},{"webviewId":"paimai","matchUrls":[{"pathname":["^\\\/paimai\\\/v3\\\/index\\.html$"]}]},{"webviewId":"celebration","matchUrls":[{"pathname":["^\\\/wow\\\/brand\\\/act\\\/celebration$"]}]},{"webviewId":"pegasus","matchUrls":[{"pathname":["\\\/wow\\\/pegasus\\\/subject\\\/[0-9]+\\\/[0-9]+\\\/[0-9]+"]}]},{"webviewId":"allpackage","matchUrls":[{"pathname":["^\\\/wow\\\/content\\\/act\\\/package$"]}]},{"webviewId":"homesimple","matchUrls":[{"pathname":["^\\\/apps\\\/steinsmain\\\/app_[0-9]+\\\/index","^\\\/markets\\\/cdj\\\/m\\\/index$","^\\\/markets\\\/qbb\\\/index\\\/phone$","^\\\/apps\\\/chaowan\\\/index\\\/index$","^\\\/apps\\\/market\\\/ifashion\\\/discover\\.html$","^\\\/wow\\\/fushi\\\/act\\\/globalfashion-tm$","^\\\/wow\\\/huanxin\\\/act\\\/refreshment-index$","^\\\/wow\\\/phone\\\/act\\\/home$","^\\\/markets\\\/youjia\\\/h5-shouye30$","^\\\/apps\\\/pm\\\/paimai\\\/index\\.html$","^\\\/xinpin-v2\\\/index\\.htm$"]}]},{"webviewId":"liangxinyao","matchUrls":[{"hostname":["^www\\.liangxinyao\\.com$"],"pathname":["^\\\/$"]}]},{"webviewId":"wedetail","matchUrls":[{"pathname":["^\\\/we\\\/detail3\\.html$"]}]},{"webviewId":"reg","matchUrls":[{"pathname":["^\\\/member\\\/new_register\\.jhtml$","^\\\/member\\\/reg\\\/h5\\\/fill_mobile\\.htm$"]}],"webviewParameter":{"titleNView":{"titleText":"\u6dd8\u5b9d\u6ce8\u518c"},"appendCss":".am-header{display:none!important}"}},{"webviewId":"common","matchUrls":[{"pathname":[".*"]}],"easyConfig":{"back":{"history":false}}}],"version":"937a867961e546b06ddd0fb7a6cf2a3a"}