{"launch_path":"http:\/\/m.lashou.com\/","match":[{"domain":"lashou.com","rule":["","www","m","h5","touch"]}],"global":{"webviewParameter":{"titleNView":{"backgroundColor":"#FF621D","titleColor":"#FFFFFF","titleSize":"17px"},"statusbar":{"immersed":false},"appendCss":"header.index,footer.footer{display:none!important;}"}},"pages":[{"webviewId":"__W2A__m.lashou.com","matchUrls":[{"href":["^http\\:\\\/\\\/m\\.lashou\\.com$"]},{"href":["^http\\:\\\/\\\/m\\.lashou\\.com\\\/$"]},{"hostname":[".*lashou\\.com"],"pathname":["^\\\/?$","^\\\/index\\.php$","^\\\/logout\\.php$"]}],"webviewParameter":{"titleNView":false,"appendCss":"body,html{background-color:#FFFFFF!important;}.com-client,footer.footer{display:none!important;}"}},{"webviewId":"pages\/list\/list","matchUrls":[{"pathname":["^\\\/list\\.php$","^\\\/search\\.php$"]}],"webviewParameter":{"titleNView":false,"appendCss":"header.index{position:fixed!important;width:100%!important;z-index:999!important;top:0!important;}body{padding-top:0.88rem!important;}footer.footer{display:none!important;}"}},{"webviewId":"zhuanti","matchUrls":[{"pathname":["^\\\/zhuanti\\\/banner_zt\\.php$"]}],"webviewParameter":{"statusbar":{"immersed":false},"appendCss":"header.index,footer.footer{display:none!important;}"}},{"webviewId":"change_city","matchUrls":[{"pathname":["^\\\/changeCity\\.php$"]}],"webviewParameter":{"titleNView":{"titleText":"\u9009\u62e9\u57ce\u5e02"},"statusbar":{"immersed":false},"appendCss":"header.index,footer.footer{display:none!important;}.citybox{margin-top:0!important;}"}},{"webviewId":"category","matchUrls":[{"pathname":["^\\\/categorys\\.php$"]}],"webviewParameter":{"titleNView":{"titleText":"\u5168\u90e8\u5206\u7c7b"},"statusbar":{"immersed":false},"appendCss":"header.index{display:none!important;}"}},{"webviewId":"pages\/detail\/detail","matchUrls":[{"pathname":["^\\\/detail\\\/[0-9]+\\.html"]},{"pathname":["^\\\/detail\\.php$"]}],"webviewParameter":{"titleNView":{"titleText":"\u56e2\u8d2d\u8be6\u60c5","buttons":[{"text":"\ue602","float":"right","fontSize":"27px","fontSrc":"_www\/__wap2app.ttf","onclick":"javascript:plus.webview.getWebviewById('pages\/detail\/detail').evalJS('wap2app&&wap2app.openShare()')"}]},"statusbar":{"immersed":false},"appendCss":"header.index,.deal-pic .edit,footer.footer,#flow_buybox{display:none!important;}#buybox{position:fixed;bottom:0;}"}},{"webviewId":"detail_more","matchUrls":[{"pathname":["^\\\/detailMore\\.php$"]}],"webviewParameter":{"titleNView":{"titleText":"\u66f4\u591a\u8be6\u60c5"},"statusbar":{"immersed":false},"appendCss":"header.index,footer.footer{display:none!important;}"}},{"webviewId":"pages\/shop\/shop","matchUrls":[{"pathname":["^\\\/shop\\\/[0-9]+\\.html"]}],"webviewParameter":{"titleNView":{"titleText":"\u5546\u5bb6\u8be6\u60c5"},"statusbar":{"immersed":false},"appendCss":"header.index,.deal-pic .edit,footer.footer{display:none!important;}"}},{"webviewId":"comment","matchUrls":[{"pathname":["^\\\/commentMore\\.php$","^\\\/commentMore_shop\\.php$"]}],"webviewParameter":{"titleNView":{"titleText":"\u5168\u90e8\u8bc4\u4ef7"},"statusbar":{"immersed":false}}},{"webviewId":"map","matchUrls":[{"pathname":["^\\\/ditu\\.php$"]}],"webviewParameter":{"titleNView":{"titleText":"\u5730\u56fe\u8be6\u60c5"},"statusbar":{"immersed":false}}},{"webviewId":"baidu_map","matchUrls":[{"hostname":[".*baidu\\.com"]}],"webviewParameter":{"statusbar":{"immersed":false},"appendCss":"a.btn.back-btn{display:none!important;}"}},{"webviewId":"pages\/my\/my","matchUrls":[{"pathname":["^\\\/mylashou\\.php$"]}],"webviewParameter":{"titleNView":{"titleText":""},"statusbar":{"immersed":false},"appendCss":"header.index{display:none!important;}.myls-infowarp{background:#FF621D!important;}"}},{"webviewId":"pages\/login\/login","matchUrls":[{"pathname":["^\\\/login\\.php$","^\\\/mobileLogin\\.php$"]}],"webviewParameter":{"titleNView":{"titleText":"\u767b\u5f55"},"statusbar":{"immersed":false},"appendCss":"header.index{display:none!important;}html{background-color:#FFFFFF!important;}"}},{"webviewId":"auth","matchUrls":[{"pathname":["^\\\/qqDologin\\.php$","^\\\/loginSina\\.php$"]}],"webviewParameter":{"titleNView":{"titleText":"\u7b2c\u4e09\u65b9\u767b\u5f55"},"statusbar":{"immersed":false},"appendCss":".container:before{background:none!important;}aside.logins{display:none!important;}"}},{"webviewId":"shoucang","matchUrls":[{"pathname":["^\\\/shoucang\\.php$"]}],"webviewParameter":{"titleNView":{"titleText":"\u6211\u7684\u6536\u85cf"},"statusbar":{"immersed":false},"appendCss":"header.index{display:none!important;}"},"easyConfig":{"back":{"history":false}}},{"webviewId":"order_list","matchUrls":[{"pathname":["^\\\/myOrder\\.php$"]}],"webviewParameter":{"titleNView":{"titleText":"\u6211\u7684\u8ba2\u5355"},"statusbar":{"immersed":false},"appendCss":"header.index{display:none!important;}"},"easyConfig":{"back":{"history":false}}},{"webviewId":"place_order","matchUrls":[{"pathname":["^\\\/placeOrder\\.php$"]}],"webviewParameter":{"titleNView":{"titleText":"\u63d0\u4ea4\u8ba2\u5355"},"statusbar":{"immersed":false},"appendCss":"header.index{display:none!important;}"}},{"webviewId":"pay_order","matchUrls":[{"pathname":["^\\\/payOrder\\.php$"]}],"webviewParameter":{"titleNView":{"titleText":"\u652f\u4ed8\u8ba2\u5355"},"statusbar":{"immersed":false}}},{"webviewId":"alipay","matchUrls":[{"hostname":[".*alipay\\.com"],"pathname":["^\\\/service\\\/rest\\.htm$"]}],"webviewParameter":{"titleNView":false,"statusbar":{"immersed":false},"appendCss":""}},{"webviewId":"pay_success","matchUrls":[{"pathname":["^\\\/paySuccess\\.php$"]}],"webviewParameter":{"titleNView":{"titleText":"\u4e0b\u5355\u6210\u529f"},"statusbar":{"immersed":false}}},{"webviewId":"order_detail","matchUrls":[{"pathname":["^\\\/orderDetail\\.php$"]}],"webviewParameter":{"titleNView":{"titleText":"\u8ba2\u5355\u8be6\u60c5"},"statusbar":{"immersed":false}}}],"version":"a82feeb818d5d1245a749865ca4e2ad4"}