{"version":"9bdee8a2f92ab0ab801c8b5f2ffae748","launch_path":"http:\/\/www.tianya.cn\/m","match":[{"domain":"tianya.cn","rule":".*"}],"global":{"webviewParameter":{"titleNView":{"autoBackButton":true,"backgroundColor":"#308ee3","titleColor":"#fff","titleSize":"17px"},"statusbar":{"background":"#308ee3","style":"light"},"appendCss":".ty-m-nav,.slider_box,.message-alert,.box-read .link-box,.am-ft-gray.am-ft-mb-20 .fn-right{display:none!important;} .sinfo{background: #308ee3!important;} .father,.center-nav,.top-open-app,.zhibo_fun,.open_box,.shipin_head,.other-login-ways,.gg.gg-third,.open-app,.header.cf,.sr-bdimgshare,.rich_box,.blog-share,.rec-go-app,header,.load_m_top,.gg-t1-pic,.app-tips,.ty-m-foot,.gg.gg-item,.cms_foot,footer,.mobile-index-logo{display:none!important} .nav-rank{margin-top:0;} .rec-app{padding-right: 0px!important;} #center_base.center-base .center-user{padding-top:0!important;background: #308ee3!important;} .m-header-fixed~.m-main{padding-top: 0px;}","appendJs":""},"easyConfig":{}},"pages":[{"webviewId":"__W2A__www.tianya.cn","matchUrls":[{"href":["^http\\:\\\/\\\/www\\.tianya\\.cn\\\/m$"]},{"href":["^http\\:\\\/\\\/www\\.tianya\\.cn\\\/m\\\/$"]},{"hostname":["^www\\.tianya\\.cn$"],"pathname":["^aa36644$"]},{"hostname":["^passport\\.tianya\\.cn$"],"pathname":["^\\\/logout$"]}],"webviewParameter":{"titleNView":false,"statusbar":{"background":"#308ee3"},"appendCss":".app-tips,.gg-t1-pic,.gg.gg-item.gg-t5,.gg.gg-item.gg-third,.load_m_top,.slider_box,.ty-m-foot{display:none!important}header{position:fixed!important;width:100%;z-index:90!important;top:0}.u-tab-fixed{top:45px!important}body{padding-top:45px}"}},{"webviewId":"pages\/luntan\/luntan","matchUrls":[{"hostname":["^bbs\\.tianya\\.cn$"],"pathname":["^\\\/m\\\/block\\.jsp$"]}],"webviewParameter":{"titleNView":{"titleText":"\u5929\u6daf\u8bba\u575b"}}},{"webviewId":"pages\/luntan\/list","matchUrls":[{"hostname":["^bbs\\.tianya\\.cn$"],"pathname":["^\\\/m\\\/list\\.jsp$","\\\/m\\\/list\\-"]}],"webviewParameter":{"titleNView":{"titleText":"\u5929\u6daf\u8bba\u575b"}}},{"webviewId":"pages\/luntan\/detail","matchUrls":[{"hostname":["^bbs\\.tianya\\.cn$"],"pathname":["\\\/m\\\/post\\-"]}],"webviewParameter":{"titleNView":{"buttons":[{"text":"\ue602","float":"right","fontSize":"27px","fontSrc":"_www\/__wap2app.ttf","onclick":"javascript:var detail = plus.webview.getWebviewById('pages\/luntan\/detail');detail && detail.evalJS('wap2app.openShare();');"}]},"appendCss":".u-func .right-2icon{margin-right:45px!important;}.u-func .more-icon-2{right:18px!important;}.ty-m-nav,.slider_box,.message-alert,.box-read .link-box,.more-icon{display:none!important;} .sinfo{background: #308ee3!important;} .father,.center-nav,.top-open-app,.zhibo_fun,.open_box,.shipin_head,.other-login-ways,.gg.gg-third,.open-app,.header.cf,.sr-bdimgshare,.rich_box,.blog-share,.rec-go-app,header,.load_m_top,.gg-t1-pic,.app-tips,.ty-m-foot,.gg.gg-item,.cms_foot,footer,.mobile-index-logo{display:none!important} .nav-rank{margin-top:0;} .rec-app{padding-right: 0px!important;} #center_base.center-base .center-user{padding-top:0!important;background: #308ee3!important;} .m-header-fixed~.m-main{padding-top: 0px;}.big-img-slider .hd{background: rgba(0,0,0,0)!important;} #bbs_login_div .other-login,.tools .icon-ds-img,.u-share,#func_mask,.more-func,.close,.ty-m-nav{display:none!important} .u-func .more-icon{background-size: cover;background-position: 0 0;} #big_img_slider{z-index:99999;}"}},{"webviewId":"pages\/luntan\/compose","matchUrls":[{"hostname":["^bbs\\.tianya\\.cn$"],"pathname":["^\\\/m\\\/compose\\.jsp$"]}],"webviewParameter":{"appendCss":".cancle{display:none!important;}.ty-m-nav,.slider_box,.message-alert,.box-read .link-box,.more-icon{display:none!important;} .sinfo{background: #308ee3!important;} .father,.center-nav,.top-open-app,.zhibo_fun,.open_box,.shipin_head,.other-login-ways,.gg.gg-third,.open-app,.header.cf,.sr-bdimgshare,.rich_box,.blog-share,.rec-go-app,header,.load_m_top,.gg-t1-pic,.app-tips,.ty-m-foot,.gg.gg-item,.cms_foot,footer,.mobile-index-logo{display:none!important} .nav-rank{margin-top:0;} .rec-app{padding-right: 0px!important;} #center_base.center-base .center-user{padding-top:0!important;background: #308ee3!important;} .m-header-fixed~.m-main{padding-top: 0px;}.big-img-slider .hd{background: rgba(0,0,0,0)!important;} #bbs_login_div .other-login,.tools .icon-ds-img,.u-share,#func_mask,.more-func,.close,.ty-m-nav{display:none!important} .u-func .more-icon{background-size: cover;background-position: 0 0;} #big_img_slider{z-index:99999;}"}},{"webviewId":"pages\/jujiao\/jujiao","matchUrls":[{"hostname":["^focus\\.tianya\\.cn$"],"pathname":["^\\\/g\\\/$","^\\\/g$"]}],"webviewParameter":{"titleNView":{"titleText":"\u5929\u6daf\u805a\u7126"}}},{"webviewId":"pages\/buluo\/buluo","matchUrls":[{"hostname":["^groups\\.tianya\\.cn$"],"pathname":["^\\\/$"]}],"webviewParameter":{"titleNView":{"titleText":"\u5929\u6daf\u90e8\u843d"},"appendCss":".ty-m-nav,.slider_box{display:none!important;} .sinfo{background: #308ee3!important;} .father,.center-nav,.top-open-app,.zhibo_fun,.open_box,.shipin_head,.other-login-ways,.gg.gg-third,.open-app,.header.cf,.sr-bdimgshare,.rich_box,.blog-share,.rec-go-app,header,.load_m_top,.gg-t1-pic,.app-tips,.ty-m-foot,.gg.gg-item,.cms_foot,footer,.mobile-index-logo{display:none!important} .nav-rank{margin-top:0;} .rec-app{padding-right: 0px!important;} #center_base.center-base .center-user{padding-top:0!important;background: #308ee3!important;} .m-header-fixed~.m-main{padding-top: 0px;} .tab_nei ul li .summary .fl a:first-child{color:#696969;text-decoration: none;} #cms_control_31 .hd span,#buildnew{display:none!important;}"}},{"webviewId":"pages\/buluo\/detail","matchUrls":[{"hostname":["^groups\\.tianya\\.cn$"],"pathname":["\\\/m\\\/post\\-[0-9]+\\-"]}]},{"webviewId":"pages\/buluo\/list","matchUrls":[{"hostname":["^groups\\.tianya\\.cn$"],"pathname":["^\\\/m\\\/m_list_article\\.jsp$","\\\/m\\\/list\\-[0-9]+"]}]},{"webviewId":"pages\/buluo\/center","matchUrls":[{"hostname":["tianya\\.cn"],"pathname":["^\\\/m\\\/home\\.jsp$"]}],"webviewParameter":{"appendCss":".ty-m-nav,.slider_box,.more-icon{display:none!important;}.msg-func .func-wrap{margin-right:0!important;} .sinfo{background: #308ee3!important;} .father,.center-nav,.top-open-app,.zhibo_fun,.open_box,.shipin_head,.other-login-ways,.gg.gg-third,.open-app,.header.cf,.sr-bdimgshare,.rich_box,.blog-share,.rec-go-app,header,.load_m_top,.gg-t1-pic,.app-tips,.ty-m-foot,.gg.gg-item,.cms_foot,footer,.mobile-index-logo{display:none!important} .nav-rank{margin-top:0;} .rec-app{padding-right: 0px!important;} #center_base.center-base .center-user{padding-top:0!important;background: #308ee3!important;} .m-header-fixed~.m-main{padding-top: 0px;} .tab_nei ul li .summary .fl a:first-child{color:#696969;text-decoration: none;}.ty-m-foot{display:block!important;height:1px;overflow: hidden;} "}},{"webviewId":"pages\/blog\/blog","matchUrls":[{"hostname":["^blog\\.tianya\\.cn$"],"pathname":["^\\\/m\\\/$"]}],"webviewParameter":{"titleNView":{"titleText":"\u5929\u6daf\u535a\u5ba2"},"appendCss":".ty-m-nav,.slider_box{display:none!important;} .sinfo{background: #308ee3!important;} .father,.center-nav,.top-open-app,.zhibo_fun,.open_box,.shipin_head,.other-login-ways,.gg.gg-third,.open-app,.header.cf,.sr-bdimgshare,.rich_box,.blog-share,.rec-go-app,header,.load_m_top,.gg-t1-pic,.app-tips,.ty-m-foot,.gg.gg-item,.cms_foot,footer,.mobile-index-logo{display:none!important} .nav-rank{margin-top:0;} .rec-app{padding-right: 0px!important;} #center_base.center-base .center-user{padding-top:0!important;background: #308ee3!important;} .m-header-fixed~.m-main{padding-top: 0px;}.tab-nav-5{display:none!important;}"}},{"webviewId":"pages\/blog\/detail","matchUrls":[{"hostname":["^blog\\.tianya\\.cn$"],"pathname":["\\\/m\\\/post\\-[0-9]+\\.shtml"]}],"webviewParameter":{"titleNView":{"buttons":[{"text":"\ue602","float":"right","fontSize":"27px","fontSrc":"_www\/__wap2app.ttf","onclick":"javascript:var detail = plus.webview.getWebviewById('pages\/blog\/detail');detail && detail.evalJS('wap2app.openShare();');"}]}}},{"webviewId":"pages\/blog\/center","matchUrls":[{"hostname":["^blog\\.tianya\\.cn$"],"pathname":["^\\\/m\\\/list\\.jsp$"]}]},{"webviewId":"pages\/blog\/talk","matchUrls":[{"hostname":["^blog\\.tianya\\.cn$"],"pathname":["^\\\/m\\\/talk\\.jsp$"]}]},{"webviewId":"pages\/ask\/ask","matchUrls":[{"hostname":["^wenda\\.tianya\\.cn$"],"pathname":["^\\\/m\\\/$","^\\\/m$","^\\\/m\\\/plaza$","^\\\/m\\\/jinghua$","^\\\/m\\\/ask$"]}],"webviewParameter":{"titleNView":{"titleText":"\u5929\u6daf\u95ee\u7b54"}}},{"webviewId":"pages\/ask\/detail","matchUrls":[{"hostname":["^wenda\\.tianya\\.cn$"],"pathname":["\\\/question\\\/","\\\/m\\\/jinghua\\\/"]}],"webviewParameter":{"titleNView":{"buttons":[{"text":"\ue602","float":"right","fontSize":"27px","fontSrc":"_www\/__wap2app.ttf","onclick":"javascript:var detail = plus.webview.getWebviewById('pages\/ask\/detail');detail && detail.evalJS('wap2app.openShare();');"}]},"appendCss":".ty-m-nav,.slider_box{display:none!important;} .sinfo{background: #308ee3!important;} .father,.center-nav,.top-open-app,.zhibo_fun,.open_box,.shipin_head,.other-login-ways,.gg.gg-third,.open-app,.header.cf,.sr-bdimgshare,.rich_box,.blog-share,.rec-go-app,header,.load_m_top,.gg-t1-pic,.app-tips,.ty-m-foot,.gg.gg-item,.cms_foot,footer,.mobile-index-logo{display:none!important} .nav-rank{margin-top:0;} .rec-app{padding-right: 0px!important;} #center_base.center-base .center-user{padding-top:0!important;background: #308ee3!important;} .m-header-fixed~.m-main{padding-top: 0px;}nav,.pop_share,.pop_share_cover,.functions_elite.mt25,.rich_box,.functions_elite{display:none!important;} "}},{"webviewId":"pages\/ask\/center","matchUrls":[{"hostname":["^wenda\\.tianya\\.cn$"],"pathname":["^\\\/m\\\/user\\.jsp$","\\\/m\\\/user\\\/\\d+"]}],"webviewParameter":{"appendCss":".ty-m-nav,.slider_box{display:none!important;} .sinfo{background: #308ee3!important;} .father,.center-nav,.top-open-app,.zhibo_fun,.open_box,.shipin_head,.other-login-ways,.gg.gg-third,.open-app,.header.cf,.sr-bdimgshare,.rich_box,.blog-share,.rec-go-app,header,.load_m_top,.gg-t1-pic,.app-tips,.ty-m-foot,.gg.gg-item,.cms_foot,footer,.mobile-index-logo{display:none!important} .nav-rank{margin-top:0;} .rec-app{padding-right: 0px!important;} #center_base.center-base .center-user{padding-top:0!important;background: #308ee3!important;} .m-header-fixed~.m-main{padding-top: 0px;}nav,.pop_share,.pop_share_cover,.functions_elite.mt25,.rich_box,.functions_elite{display:none!important;} "}},{"webviewId":"pages\/book\/book","matchUrls":[{"hostname":["^book\\.tianya\\.cn$"],"pathname":["^\\\/m\\\/$","^\\\/m\\\/index\\.jsp$"]}],"webviewParameter":{"titleNView":{"titleText":"\u5929\u6daf\u6587\u5b66"}}},{"webviewId":"pages\/book\/center","matchUrls":[{"hostname":["^book\\.tianya\\.cn$"],"pathname":["^\\\/m\\\/points\\\/hy\\.jsp$"]}],"webviewParameter":{"titleNView":{"titleText":"\u4e2a\u4eba\u4e2d\u5fc3"},"appendCss":" .text-blue,.header_2.clearfix,footer,.box.box-form.box-form-search-home{display:none!important}"}},{"webviewId":"pages\/book\/list","matchUrls":[{"hostname":["^book\\.tianya\\.cn$"],"pathname":["^\\\/m\\\/cat\\.jsp$","^\\\/m\\\/qb\\.jsp$","^\\\/m\\\/bookshelf\\.jsp$","^\\\/m\\\/points\\\/hy\\.jsp$"]}],"webviewParameter":{"titleNView":{"titleText":"\u5929\u6daf\u6587\u5b66"},"appendCss":" .text-blue,.header_2.clearfix,footer,.box.box-form.box-form-search-home{display:none!important}#wrap{padding-bottom:0!important;}"}},{"webviewId":"pages\/book\/history","matchUrls":[{"hostname":["^book\\.tianya\\.cn$"],"pathname":["^\\\/m\\\/points\\\/history\\.jsp$"]}],"webviewParameter":{"titleNView":{"titleText":"\u6700\u8fd1\u9605\u8bfb"},"appendCss":" .text-blue,.header_2.clearfix,footer,.box.box-form.box-form-search-home{display:none!important}#wrap{padding-bottom:0!important;}"}},{"webviewId":"pages\/book\/detail","matchUrls":[{"hostname":["^book\\.tianya\\.cn$"],"pathname":["^\\\/m\\\/card\\.jsp$"]}],"webviewParameter":{"appendCss":" .text-blue,.header_2.clearfix,footer,.box.box-form.box-form-search-home{display:none!important}#wrap{padding-bottom:0!important;}"}},{"webviewId":"pages\/book\/read","matchUrls":[{"hostname":["^book\\.tianya\\.cn$"],"pathname":["^\\\/m\\\/story\\.jsp$","^\\\/m\\\/read\\.jsp$","\\\/m\\\/chapter\\-[0-9]+"]}]},{"webviewId":"pages\/book\/search","matchUrls":[{"hostname":["^book\\.tianya\\.cn$"],"pathname":["^\\\/m\\\/search\\.jsp$"]}],"webviewParameter":{"titleNView":{"titleText":"\u641c\u7d22\u7ed3\u679c"}}},{"webviewId":"pages\/game\/game","matchUrls":[{"hostname":["^yy\\.tianya\\.cn$"],"pathname":["^\\\/m\\\/category\\.html$","^\\\/m\\\/rank\\.html$","^\\\/m\\\/ios\\.html$","^\\\/$","^\\\/m\\\/index\\.html$"]}],"webviewParameter":{"titleNView":{"titleText":"\u5929\u6daf\u6e38\u620f"},"appendCss":".ty-m-nav,.slider_box{display:none!important;} .sinfo{background: #308ee3!important;} .father,.center-nav,.top-open-app,.zhibo_fun,.open_box,.shipin_head,.other-login-ways,.gg.gg-third,.open-app,.header.cf,.sr-bdimgshare,.rich_box,.blog-share,.rec-go-app,header,.load_m_top,.gg-t1-pic,.app-tips,.ty-m-foot,.gg.gg-item,.cms_foot,footer,.mobile-index-logo{display:none!important} .nav-rank{margin-top:0;} .rec-app{padding-right: 0px!important;} #center_base.center-base .center-user{padding-top:0!important;background: #308ee3!important;} .m-header-fixed~.m-main{padding-top: 0px;}.list-nav{padding-top:0!important;} .nav-fixed{top:0!important;}"}},{"webviewId":"pages\/game\/list","matchUrls":[{"hostname":["^yy\\.tianya\\.cn$"],"pathname":["^\\\/m\\\/list\\.html$"]}],"webviewParameter":{"appendCss":"header{display:none!important;}.wrap{padding-top:0!important;}"}},{"webviewId":"pages\/game\/detail","matchUrls":[{"hostname":["^yy\\.tianya\\.cn$"],"pathname":["^\\\/m\\\/detail\\.html$"]}],"webviewParameter":{"appendCss":"header{display:none!important;}.list-nav{padding-top:0!important;} body#detail.body-web .wrap{padding-top:128px!important} .box-fixed{top:0!important;}"}},{"webviewId":"dashang","matchUrls":[{"hostname":["^shang\\.tianya\\.cn$"],"pathname":["^\\\/rank\\\/m\\\/dsRanking\\.do$"]}],"webviewParameter":{"style":{"scalable":true},"titleNView":{"titleText":"\u5929\u6daf\u8d4f\u91d1\u699c"}}},{"webviewId":"search","matchUrls":[{"hostname":["^search\\.tianya\\.cn$"],"pathname":["^\\\/m\\\/bbs\\.jsp$"]}],"webviewParameter":{"titleNView":{"titleText":"\u641c\u904d\u5929\u6daf"}}},{"webviewId":"tv","matchUrls":[{"hostname":["tianya\\.cn"],"pathname":["\\\/m\\\/show\\\/share\\\/\\d+"]}],"webviewParameter":{"titleNView":{"titleText":"\u5929\u6daf\u76f4\u64ad"},"appendCss":".yugao>span,.shipin_head,.zhibo_fun{display:none!important;}"}},{"webviewId":"vip","matchUrls":[{"hostname":["^www\\.tianya\\.cn$"],"pathname":["^\\\/m\\\/vip\\\/$"]}],"webviewParameter":{"titleNView":{"titleText":"\u5929\u6dafvip\u4f1a\u5458"},"appendCss":"#j-header{display:none!important;}.m-header-fixed~.m-main{padding-top:0!important;}"}},{"webviewId":"rsslist","matchUrls":[{"hostname":["tianya\\.cn"],"pathname":["^\\\/m\\\/find\\\/rss\\\/list_1\\.shtml$"]}],"webviewParameter":{"titleNView":{"titleText":"\u5929\u6daf\u4e13\u9898"}}},{"webviewId":"rssdetail","matchUrls":[{"hostname":["tianya\\.cn"],"pathname":["\\\/m\\\/find\\\/rss\\\/\\D+\\\/"]}],"webviewParameter":{"titleNView":{"titleText":"\u5929\u6daf\u4e13\u9898"},"appendCss":".m-header,.fenxiang,#TY_plug_share,#TY_plug_share_cover{display:none!important;}"}},{"webviewId":"pages\/zc\/zc","matchUrls":[{"hostname":["^zc\\.tianya\\.cn$"],"pathname":["^\\\/m$","^\\\/m\\\/index$","^\\\/m\\\/$"]}],"webviewParameter":{"titleNView":{"titleText":"\u5929\u6daf\u4f17\u7b79"}}},{"webviewId":"pages\/zc\/detail","matchUrls":[{"hostname":["^zc\\.tianya\\.cn$"],"pathname":["\\\/project\\\/detail\\\/\\d+"]}],"webviewParameter":{"titleNView":{"buttons":[{"text":"\ue602","float":"right","fontSize":"27px","fontSrc":"_www\/__wap2app.ttf","onclick":"javascript:var detail = plus.webview.getWebviewById('pages\/zc\/detail');detail && detail.evalJS('wap2app.openShare();');"}]},"appendCss":".op-bar>p{width:50%!important;border-right:none!important;}.share,.detail-nav.cf,#TY_plug_share,#TY_plug_share_cover,.detail-nav.cf{display:none!important;}"}},{"webviewId":"pages\/zc\/zhichi","matchUrls":[{"hostname":["^zc\\.tianya\\.cn$"],"pathname":["\\\/m\\\/project\\\/detail\\\/support\\\/\\d+"]}],"webviewParameter":{"titleNView":{"titleText":"\u652f\u6301\u697c\u4e3b"},"appendCss":".nav-header{display:none!important;}"}},{"webviewId":"pages\/zc\/buy","matchUrls":[{"hostname":["^zc\\.tianya\\.cn$"],"pathname":["^\\\/m\\\/order\\\/buy$"]}],"webviewParameter":{"titleNView":{"titleText":"\u63d0\u4ea4\u8ba2\u5355"},"appendCss":".father{display:none!important;}"}},{"webviewId":"pages\/zc\/order","matchUrls":[{"hostname":["^zc\\.tianya\\.cn$"],"pathname":["^\\\/m\\\/order\\\/payConfirm$"]}],"webviewParameter":{"titleNView":{"titleText":"\u786e\u8ba4\u652f\u4ed8"},"appendCss":".father,.aip-type{display:none!important;}"}},{"webviewId":"pages\/zc\/address","matchUrls":[{"hostname":["^zc\\.tianya\\.cn$"],"pathname":["^\\\/m\\\/address$"]}],"webviewParameter":{"titleNView":{"titleText":"\u6536\u4ef6\u5730\u5740"},"appendCss":".sec-header,.header{display:none!important;}"}},{"webviewId":"pages\/user\/login","matchUrls":[{"hostname":["^passport\\.tianya\\.cn$"],"pathname":["^\\\/m\\\/login\\.jsp$","^\\\/login_m\\.jsp$","^\\\/identityin\\\/index_m\\.jsp$"]}],"webviewParameter":{"titleNView":{"titleText":"\u767b\u5f55","buttons":[{"text":"\u6ce8\u518c","float":"right","fontSize":"16px","onclick":"javascript:var login=plus.webview.getWebviewById('pages\/user\/login');if(login){var url=login.getURL();var l=wap2app.getLocation(url);var search=l.search.split('fowardURL=')[1]?l.search.split('fowardURL=')[1]:'';console.log(search);url='https:\/\/passport.tianya.cn\/m\/register\/default.jsp?fowardURL='+encodeURIComponent(search);wap2app.open(url)};"}]},"appendCss":".form-tips,.other-login-ways,.ty-m-nav,.slider_box,.message-alert,.box-read .link-box{display:none!important;} .sinfo{background: #308ee3!important;} .father,.center-nav,.top-open-app,.zhibo_fun,.open_box,.shipin_head,.other-login-ways,.gg.gg-third,.open-app,.header.cf,.sr-bdimgshare,.rich_box,.blog-share,.rec-go-app,header,.load_m_top,.gg-t1-pic,.app-tips,.ty-m-foot,.gg.gg-item,.cms_foot,footer,.mobile-index-logo{display:none!important} .nav-rank{margin-top:0;} .rec-app{padding-right: 0px!important;} #center_base.center-base .center-user{padding-top:0!important;background: #308ee3!important;} .m-header-fixed~.m-main{padding-top: 0px;}"},"easyConfig":{"fastInput":[{"selector":".mcode-ipt","type":"tel"}]}},{"webviewId":"pages\/user\/register","matchUrls":[{"hostname":["^passport\\.tianya\\.cn$"],"pathname":["^\\\/m\\\/register\\\/default\\.jsp$"]}],"webviewParameter":{"style":{"scalable":true},"titleNView":{"titleText":"\u7528\u6237\u6ce8\u518c"},"appendCss":".reg-sheet-protocol,.header{display:none!important;}"},"easyConfig":{"fastInput":[{"selector":"#check_code","type":"number"}]}},{"webviewId":"pages\/user\/findPassport","matchUrls":[{"hostname":["^passport\\.tianya\\.cn$"],"pathname":["^\\\/m\\\/fp\\\/mobile\\.jsp$","^\\\/fp\\\/fpAppeal_m\\.jsp$","^\\\/fp\\\/index_m\\.jsp$"]}],"webviewParameter":{"style":{"scalable":true},"titleNView":{"titleText":"\u627e\u56de\u5bc6\u7801"}}},{"webviewId":"pages\/user\/center","matchUrls":[{"hostname":["^www\\.tianya\\.cn$"],"pathname":["^\\\/m\\\/my\\.jsp$"]}],"webviewParameter":{"titleNView":{"buttons":[{"text":"\u8bbe\u7f6e","float":"right","fontSize":"17px","onclick":"javascript:wap2app.open('http:\/\/www.tianya.cn\/m\/my_set.jsp');"}]}}},{"webviewId":"pages\/user\/aboutMe","matchUrls":[{"hostname":["^www\\.tianya\\.cn$"],"pathname":["^\\\/m\\\/my_post\\.jsp$","^\\\/m\\\/my_reply\\.jsp$","^\\\/m\\\/my_collect\\.jsp$"]}]},{"webviewId":"pages\/user\/msg_sys","matchUrls":[{"hostname":["^www\\.tianya\\.cn$"],"pathname":["^\\\/m\\\/msg_sys\\.jsp$"]}]},{"webviewId":"pages\/user\/suiji","matchUrls":[{"hostname":["^www\\.tianya\\.cn$"],"pathname":["^\\\/m\\\/suiji\\.jsp$"]}]},{"webviewId":"pages\/user\/more","matchUrls":[{"hostname":["^www\\.tianya\\.cn$"],"pathname":["^\\\/m\\\/my_more\\.jsp$"]}]},{"webviewId":"pages\/user\/photo","matchUrls":[{"hostname":["^www\\.tianya\\.cn$"],"pathname":["^\\\/m\\\/my_photo\\.jsp$"]}],"webviewParameter":{"titleNView":{"titleText":"\u76f8\u518c"}}},{"webviewId":"pages\/user\/zc","matchUrls":[{"hostname":["^zc\\.tianya\\.cn$"],"pathname":["^\\\/m\\\/usercenter$"]}],"webviewParameter":{"titleNView":{"titleText":"\u6211\u7684\u4f17\u7b79"},"appendCss":".ty-m-nav,.slider_box,.message-alert,.box-read .link-box,.am-ft-gray.am-ft-mb-20 .fn-right{display:none!important;} .sinfo{background: #308ee3!important;} .father,.center-nav,.top-open-app,.zhibo_fun,.open_box,.shipin_head,.other-login-ways,.gg.gg-third,.open-app,.header.cf,.sr-bdimgshare,.rich_box,.blog-share,.rec-go-app,header,.load_m_top,.gg-t1-pic,.app-tips,.ty-m-foot,.gg.gg-item,.cms_foot,footer,.mobile-index-logo{display:none!important} .nav-rank{margin-top:0;} .rec-app{padding-right: 0px!important;} #center_base.center-base .center-user{padding-top:0!important;background: #308ee3!important;} .m-header-fixed~.m-main{padding-top: 0px;}.log-out{display:none!important;}"}},{"webviewId":"pages\/user\/supportlist","matchUrls":[{"hostname":["^zc\\.tianya\\.cn$"],"pathname":["^\\\/m\\\/project\\\/initiatelist$","^\\\/m\\\/order\\\/supportlist$"]}],"webviewParameter":{"appendCss":".ty-m-nav,.slider_box,.message-alert,.box-read .link-box,.am-ft-gray.am-ft-mb-20 .fn-right{display:none!important;} .sinfo{background: #308ee3!important;} .father,.center-nav,.top-open-app,.zhibo_fun,.open_box,.shipin_head,.other-login-ways,.gg.gg-third,.open-app,.header.cf,.sr-bdimgshare,.rich_box,.blog-share,.rec-go-app,header,.load_m_top,.gg-t1-pic,.app-tips,.ty-m-foot,.gg.gg-item,.cms_foot,footer,.mobile-index-logo{display:none!important} .nav-rank{margin-top:0;} .rec-app{padding-right: 0px!important;} #center_base.center-base .center-user{padding-top:0!important;background: #308ee3!important;} .m-header-fixed~.m-main{padding-top: 0px;}.log-out{display:none!important;}"}},{"webviewId":"pages\/user\/zcOrderDetail","matchUrls":[{"hostname":["^zc\\.tianya\\.cn$"],"pathname":["^\\\/m\\\/order\\\/detail$"]}],"webviewParameter":{"titleNView":{"titleText":"\u8ba2\u5355\u8be6\u60c5"},"appendCss":".ty-m-nav,.slider_box,.message-alert,.box-read .link-box,.am-ft-gray.am-ft-mb-20 .fn-right{display:none!important;} .sinfo{background: #308ee3!important;} .father,.center-nav,.top-open-app,.zhibo_fun,.open_box,.shipin_head,.other-login-ways,.gg.gg-third,.open-app,.header.cf,.sr-bdimgshare,.rich_box,.blog-share,.rec-go-app,header,.load_m_top,.gg-t1-pic,.app-tips,.ty-m-foot,.gg.gg-item,.cms_foot,footer,.mobile-index-logo{display:none!important} .nav-rank{margin-top:0;} .rec-app{padding-right: 0px!important;} #center_base.center-base .center-user{padding-top:0!important;background: #308ee3!important;} .m-header-fixed~.m-main{padding-top: 0px;}.log-out{display:none!important;}"}},{"webviewId":"pages\/user\/zcOrderDetail","matchUrls":[{"hostname":["^groups\\.tianya\\.cn$"],"pathname":["^\\\/m\\\/$"]}],"webviewParameter":{"titleNView":{"titleText":"\u6211\u7684\u90e8\u843d"},"appendCss":".m-nav,#popo-app,.ty-m-nav,.slider_box,.message-alert,.box-read .link-box,.am-ft-gray.am-ft-mb-20 .fn-right{display:none!important;} .sinfo{background: #308ee3!important;} .father,.center-nav,.top-open-app,.zhibo_fun,.open_box,.shipin_head,.other-login-ways,.gg.gg-third,.open-app,.header.cf,.sr-bdimgshare,.rich_box,.blog-share,.rec-go-app,header,.load_m_top,.gg-t1-pic,.app-tips,.ty-m-foot,.gg.gg-item,.cms_foot,footer,.mobile-index-logo{display:none!important} .nav-rank{margin-top:0;} .rec-app{padding-right: 0px!important;} #center_base.center-base .center-user{padding-top:0!important;background: #308ee3!important;} .m-header-fixed~.m-main{padding-top: 0px;}.log-out{display:none!important;}"}},{"webviewId":"pages\/user\/wallent","matchUrls":[{"hostname":["tianya\\.cn"],"pathname":["^\\\/wallet\\\/m\\\/index\\.do$","^\\\/account\\\/m\\\/toMyPurse\\.do$"]}],"webviewParameter":{"appendCss":".m-nav,#popo-app,.ty-m-nav,.slider_box,.message-alert,.block.main-top-tybei-block+div>.block-item:nth-child(5){display:none!important;} .sinfo{background: #308ee3!important;} .father,.center-nav,.top-open-app,.zhibo_fun,.open_box,.shipin_head,.other-login-ways,.gg.gg-third,.open-app,.header.cf,.sr-bdimgshare,.rich_box,.blog-share,.rec-go-app,header,.load_m_top,.gg-t1-pic,.app-tips,.ty-m-foot,.gg.gg-item,.cms_foot,footer,.mobile-index-logo{display:none!important} .nav-rank{margin-top:0;} .rec-app{padding-right: 0px!important;} #center_base.center-base .center-user{padding-top:0!important;background: #308ee3!important;} .m-header-fixed~.m-main{padding-top: 0px;}.log-out{display:none!important;}"}},{"webviewId":"pages\/user\/bei","matchUrls":[{"hostname":["tianya\\.cn"],"pathname":["^\\\/wallet\\\/m\\\/bei\\.do$"]}],"webviewParameter":{"titleNView":{"titleText":"\u5929\u6daf\u8d1d"},"appendCss":".small{opacity: 0;!important;height:1px;} .m-nav,#popo-app,.ty-m-nav,.slider_box,.message-alert,.box-read .link-box,.am-ft-gray.am-ft-mb-20 .fn-right{display:none!important;} .sinfo{background: #308ee3!important;} .father,.center-nav,.top-open-app,.zhibo_fun,.open_box,.shipin_head,.other-login-ways,.gg.gg-third,.open-app,.header.cf,.sr-bdimgshare,.rich_box,.blog-share,.rec-go-app,header,.load_m_top,.gg-t1-pic,.app-tips,.ty-m-foot,.gg.gg-item,.cms_foot,footer,.mobile-index-logo{display:none!important} .nav-rank{margin-top:0;} .rec-app{padding-right: 0px!important;} #center_base.center-base .center-user{padding-top:0!important;background: #308ee3!important;} .m-header-fixed~.m-main{padding-top: 0px;}.log-out{display:none!important;}"}},{"webviewId":"pages\/user\/beiDetail","matchUrls":[{"hostname":["tianya\\.cn"],"pathname":["^\\\/wallet\\\/m\\\/detail\\.do$","^\\\/wallet\\\/m\\\/shang\\.do$"]}]},{"webviewId":"pages\/user\/setting","matchUrls":[{"hostname":["^www\\.tianya\\.cn$"],"pathname":["^\\\/m\\\/my_set\\.jsp$"]}],"webviewParameter":{"titleNView":{"titleText":"\u8bbe\u7f6e"}}},{"webviewId":"common","matchUrls":[{"pathname":[".*"]}],"webviewParameter":{}}]}