{"version":"20e70196327caffcc8a370aad6644f2a","launch_path":"http:\/\/m.tv.sohu.com\/","match":[{"domain":"sohu.com","rule":"m.tv"},{"domain":"sohu.com","rule":".*m\\.tv\\.sohu\\.com.*"},{"domain":"sohu.com","rule":".*m\\.tv\\.sohu\\.com\\\/v[0-9]+\\.shtml*"}],"statusbar":{"immersed":false},"global":{"webviewParameter":{"statusbar":{"immersed":false},"titleNView":{"backgroundColor":"#f7f7f7","titleColor":"#000000","titleSize":"17px","borderColor":"#cccccc"},"appendCss":".sec_nav.hide .sohu-nav-box{display:block!important;} header .search{width: auto!important;}","appendJs":""},"easyConfig":{}},"pages":[{"webviewId":"__W2A__m.tv.sohu.com","matchUrls":[{"href":["^http\\:\\\/\\\/m\\.tv\\.sohu\\.com$"]},{"href":["^http\\:\\\/\\\/m\\.tv\\.sohu\\.com\\\/$"]},{"hostname":["^m\\.tv\\.sohu\\.com$","^m\\.film\\.sohu\\.com$"],"pathname":["^\\\/?$","^\\\/index"]}],"webviewParameter":{"titleNView":false,"appendCss":".js_header{height: 84px!important;} #user-login,footer,#adHots,footer+img,.ui_multi_games,.js_nav .ketang.special,.js_nav .live.special,.sohu-nav-pills>li:last-child,.ui_hor[data-columnid='1170'],.ui_opt_pos[data-columnid='710'],.content_item.ad_item{display: none!important;} .sec_nav.hide .sohu-nav-box{display:block!important;} header .search{width: auto!important;}"}},{"webviewId":"pages\/list\/search","matchUrls":[{"hostname":["^m\\.tv\\.sohu\\.com$","^tv\\.sohu\\.com$"],"pathname":["^\\\/upload\\\/h5\\\/m\\\/mso\\.html$","^\\\/so$"]}],"webviewParameter":{"titleNView":{"titleText":"\u641c\u7d22\u7ed3\u679c"},"appendCss":".menu,.header{display:none!important;} .main-container{padding-top:0!important;}.select-container{top:0!important;}"}},{"webviewId":"pages\/list\/pgc","matchUrls":[{"hostname":["^m\\.tv\\.sohu\\.com$","^tv\\.sohu\\.com$"],"pathname":["^\\\/hots$","^\\\/pgc\\\/[0-9]+","^\\\/hots\\\/$"]}],"webviewParameter":{"titleNView":{"titleText":"\u81ea\u5a92\u4f53"},"appendCss":".ad_remove,.ad_detail,.js_header,footer,#hots_foot,.hots_app_more,img[width='1']{display:none!important;}#mheader_nav,#nav_box{top:0!important;}"},"easyConfig":{"back":{"history":false}}},{"webviewId":"pages\/list\/subTag","matchUrls":[{"hostname":["^m\\.tv\\.sohu\\.com$","^tv\\.sohu\\.com$"],"pathname":["^\\\/subTag\\\/[0-9]+","\\\/filter\\\/cid\\_[0-9]+\/subid\\_[0-9]+\\\/"]}],"webviewParameter":{"titleNView":{"titleText":true},"appendCss":".js_header,footer{display:none!important;} .filter_layer_wrap{top:0!important;}"},"easyConfig":{"back":{"history":false}}},{"webviewId":"pages\/list\/pgc_user","matchUrls":[{"hostname":["^m\\.tv\\.sohu\\.com$","^tv\\.sohu\\.com$"],"pathname":["^\\\/upload\\\/clientapp\\\/pgc\\\/user\\.html$"]}],"webviewParameter":{"titleNView":{"titleText":true},"appendCss":".js_header,footer,.user-info .user-btns,.page-footer,user-btns,.tab.main-tab li[data-type='shop'],.tab.main-tab li[data-type='fans']{display:none!important;} .tab.main-tab li{width:33.33%!important;}"},"easyConfig":{"back":{"history":false}}},{"webviewId":"pages\/video\/hot","matchUrls":[{"hostname":["^m\\.tv\\.sohu\\.com$","^tv\\.sohu\\.com$"],"pathname":["^\\\/hots$","^\\\/hots\\\/[0-9]+","^\\\/hots\\\/$"]}],"webviewParameter":{"titleNView":{"titleText":"\u70ed\u70b9"},"appendCss":".ad_remove,.ad_detail,.js_header,footer,#hots_foot,.hots_app_more,img[width='1']{display:none!important;}#mheader_nav{top:0!important;}"}},{"webviewId":"pages\/video\/detail","matchUrls":[{"hostname":["^m\\.tv\\.sohu\\.com$","^tv\\.sohu\\.com$"],"pathname":["^\\\/v\\d+\\.shtml","\\d+\\\/[a-z]\\d+\\.shtml","\\\/us\\\/\\d+\\\/\\d+\\.shtml","^\\\/u\\\/vw\\\/\\d+\\.shtml","^\\\/pl\\\/[0-9]+\\\/[0-9]+\\.shtml","^\\\/album\\\/s[0-9]+\\.shtml"]}],"webviewParameter":{"subNView":"pages\/video\/detail","titleNView":{"titleText":true},"appendCss":".ad-info-show,.x-ad-link,.user-btns,.x-ad-fee-btn,.x-download-panel,header,.dl-top-banner,.btn-xz-app,.tw-btn,.btn_ugc,.ad-vbox,.btn-comment-app,.app-qianfan-box,footer,.title-wrap>i,.btn-rss,.user-btns,.x-replay-btn em,.x-msg-app-btn,.icon.feedback{display:none!important;} .main-view-scroller{padding-top:0!important;} .info-vbox{padding-top:0!important;padding-bottom:0!important;} .title-wrap .tw-info{width:100%!important;} div.app-view{top:0!important;}","appendJs":"_www\/js\/video_zhida.js","subNViews":"pages\/video\/detail.nview"},"easyConfig":{"back":{"history":false}}},{"webviewId":"pages\/video\/album","matchUrls":[{"hostname":["^m\\.film\\.sohu\\.com$","^film\\.sohu\\.com$"],"pathname":["^\\\/album\\\/[0-9]+\\.html"]}],"webviewParameter":{"subNView":"pages\/video\/album","titleNView":{"titleText":true},"appendCss":".body_wrap>.website_operators.J_data_statistics,.js_header,.J_callApp,footer,.bottom_website_operators,.detail_userinfo,.J_player_tips.player-tip.showTips{display:none!important;}  .play_tip.showed{width:84px!important;left: calc(50% - 44px)!important;}","appendJs":"_www\/js\/video_zhida.js","subNViews":"pages\/video\/album.nview"}},{"webviewId":"common","matchUrls":[{"pathname":[".*"]}],"webviewParameter":{"titleNView":{"titleText":true},"appendCss":".body_wrap>.website_operators.J_data_statistics,.js_header,.J_callApp,footer,.bottom_website_operators,.detail_userinfo,.J_player_tips.player-tip.showTips{display:none!important;}  .play_tip.showed{width:84px!important;left: calc(50% - 44px)!important;}","appendJs":"_www\/js\/video_zhida.js"}}]}