{"version":"c319ecabb092488be6ca9b9887b05d32","launch_url":"https:\/\/m.mafengwo.cn","match":[{"domain":"mafengwo.com","rule":["www","touch","h5","m"]},{"domain":"mafengwo.cn","rule":["www","touch","h5","m"]}],"global":{"webviewParameter":{"titleNView":{"autoBackButton":true,"backgroundColor":"#ffffff","titleColor":"#fdb92c","borderColor":"#ddd","titleSize":"17px"},"statusbar":{"style":"dark","background":"#ffffff"},"appendCss":".subnav,.T-head,#header_ad,header,.rec-honey .btn-rec,.btn-task[href='\/daka\/task'],#header_ad_click,.omcToBan,#search_ad,.MfwHead{display:none!important} .rec-honey{height:2rem!important} #header_ad_click,.omcToBan,.notes_recom,#pos203,.tips_box,.note-route{display:none!important}"}},"pages":[{"webviewId":"__W2A__m.mafengwo.cn","matchUrls":[{"href":["^https\\:\\\/\\\/m\\.mafengwo\\.cn$"]},{"href":["^https\\:\\\/\\\/m\\.mafengwo\\.cn\\\/$"]},{"href":["^https\\:\\\/\\\/m\\.mafengwo\\.cn\\\/logout\\.php$"]}],"webviewParameter":{"titleNView":false,"statusbar":{"style":"dark","background":"#ffffff"},"appendCss":".avastar.hide{display: block!important;}.nav.ka,#full_cold,#header_ad_click,#search_ad,.bottom_tab,.btn_wrapper.clearfix,.download,.footer{display:none!important}.continue{font-size:0!important;display:block;height:33px;width:121px;margin:0 auto;margin-top:1rem!important;background:url(http:\/\/css.mafengwo.net\/images\/header-small-sprites.png) no-repeat 0 0}#full_cold,#search_ad,.T-head,.footer,.subnav,.bd>a[href^='https:\/\/topic'],.omc-ad-container{display:none!important}.MfwHead{position:fixed;width:100%;z-index:8;top:0}body {padding-top: 1.33rem;}"}},{"webviewId":"pages\/mdd\/index","matchUrls":[{"hostname":["^m\\.mafengwo\\.cn$"],"pathname":["^\\\/mdd\\\/$"]}],"webviewParameter":{"titleNView":{"titleText":"\u627e\u653b\u7565"},"appendCss":".omc-ad-container,#full_cold,.footer,header,#cssConment{display:none!important} #header_ad_click,.omcToBan,.notes_recom,#pos203,.tips_box,.note-route,#search_ad{display:none!important}"}},{"webviewId":"pages\/mdd\/article","matchUrls":[{"hostname":["^m\\.mafengwo\\.cn$","^www\\.mafengwo\\.cn$"],"pathname":["\\\/weixin\\\/article\\\/"]}],"webviewParameter":{"appendCss":"#header_ad_click,.omcToBan,.notes_recom,#pos203,.tips_box,.note-route,#search_ad,header{display:none!important}"}},{"webviewId":"pages\/mdd\/list","matchUrls":[{"hostname":["^m\\.mafengwo\\.cn$","^www\\.mafengwo\\.cn$"],"pathname":["^\\\/mdd\\\/list\\.html$"]}],"webviewParameter":{"titleNView":{"titleText":"\u70ed\u95e8\u76ee\u7684\u5730"}}},{"webviewId":"pages\/mdd\/filter","matchUrls":[{"hostname":["^m\\.mafengwo\\.cn$","^www\\.mafengwo\\.cn$"],"pathname":["\\\/mdd\\\/filter"]}],"webviewParameter":{"titleNView":{"titleText":"\u76ee\u7684\u5730\u7b5b\u9009"}}},{"webviewId":"pages\/mdd\/dizhiDetail","matchUrls":[{"hostname":["^m\\.mafengwo\\.cn$","^www\\.mafengwo\\.cn$"],"pathname":["\\\/mdd\\\/[0-9]+$"]}],"webviewParameter":{"titleNView":{"buttons":[{"text":"\ue602","float":"right","fontSize":"27px","fontSrc":"_www\/__wap2app.ttf","onclick":"javascript:var detail = plus.webview.getWebviewById('pages\/mdd\/dizhiDetail');detail && detail.evalJS('wap2app.openShare();');"}]},"appendCss":"#head_1,.subnav,.T-head,.linePush,#wenda_answer_box,.gonglveAd,.hotPoiAd,.gaikuang>div,#advertise,#full_cold,#blank,header,.more,a[style='font-size: 16px;'],.cityItem.citydeal{display:none!important} #header_ad_click,.omcToBan,.notes_recom,#pos203,.tips_box,.note-route{display:none!important}"}},{"webviewId":"pages\/mdd\/photo","matchUrls":[{"hostname":["^m\\.mafengwo\\.cn$","^www\\.mafengwo\\.cn$"],"pathname":["\\\/photo\\\/(mdd|poi)\\\/[0-9]+\\.html"]}],"webviewParameter":{"appendCss":"header,#full_cold{display:none!important}"}},{"webviewId":"pages\/mdd\/photoDetail","matchUrls":[{"hostname":["^m\\.mafengwo\\.cn$","^www\\.mafengwo\\.cn$"],"pathname":["\\\/photo\\\/(mdd|poi)\\\/[0-9]+\\_[0-9]+\\.html"]}]},{"webviewId":"pages\/mdd\/route","matchUrls":[{"hostname":["^m\\.mafengwo\\.cn$","^www\\.mafengwo\\.cn$"],"pathname":["\\\/mdd\\\/route\\\/[0-9]+","\\\/baike\\\/route"]}]},{"webviewId":"pages\/mdd\/routeDetail","matchUrls":[{"hostname":["^m\\.mafengwo\\.cn$","^www\\.mafengwo\\.cn$"],"pathname":["\\\/mdd\\\/cityroute\\\/[0-9]+\\_[0-9]+"]}]},{"webviewId":"pages\/mdd\/baike","matchUrls":[{"hostname":["^m\\.mafengwo\\.cn$","^www\\.mafengwo\\.cn$"],"pathname":["\\\/baike\\\/[0-9]+"]}],"webviewParameter":{"appendCss":".subnav,.T-head,#header_ad,header,.rec-honey .btn-rec,.btn-task[href='\/daka\/task'],#header_ad_click,.omcToBan,#search_ad,.MfwHead{display:none!important} .rec-honey{height:2rem!important} #header_ad_click,.omcToBan,.notes_recom,#pos203,.tips_box,.note-route,#_fixedPt>a,#pos164,.guides dt .nums,.guides dd .btn{display:none!important}"}},{"webviewId":"pages\/mdd\/jd-cy-gw-yl","matchUrls":[{"hostname":["^m\\.mafengwo\\.cn$","^www\\.mafengwo\\.cn$"],"pathname":["\\\/(yl|jd|cy|gw)\\\/[0-9]+\\\/gonglve\\.html"]}],"webviewParameter":{"appendCss":".head2home,.MfwHead,.subnav{display:none!important;}#dropfilter{top:1.173rem!important;}"}},{"webviewId":"pages\/mdd\/jd-cy-gw-ylDetail","matchUrls":[{"hostname":["^m\\.mafengwo\\.cn$","^www\\.mafengwo\\.cn$"],"pathname":["\\\/(yl|jd|cy|gw)\\\/gl\\-[0-9]+\\.html"]}],"webviewParameter":{"appendCss":".head2home,.MfwHead,.subnav{display:none!important;}#dropfilter{top:1.173rem!important;}"}},{"webviewId":"pages\/mdd\/jd-cy-gw-yllist","matchUrls":[{"hostname":["^m\\.mafengwo\\.cn$","^www\\.mafengwo\\.cn$"],"pathname":["\\\/(yl|jd|cy|gw)\\\/[0-9]+\\\/[0-9]+\\.html"]}],"webviewParameter":{"appendCss":".head2home,.MfwHead,.subnav{display:none!important;}#dropfilter{top:1.173rem!important;}"}},{"webviewId":"pages\/mdd\/moreTieshi","matchUrls":[{"hostname":["^m\\.mafengwo\\.cn$","^www\\.mafengwo\\.cn$"],"pathname":["^\\\/nb\\\/h5\\\/poi_base_info\\.php$"]}],"webviewParameter":{"appendCss":"#header_ad{display:none!important;} header{position:fixed!important;width:100%;z-index:8;top:0;}  body{padding-top:51px;}"}},{"webviewId":"pages\/mdd\/jdDetail","matchUrls":[{"hostname":["^m\\.mafengwo\\.cn$","^www\\.mafengwo\\.cn$"],"pathname":["^\\\/poi\\\/[0-9]+\\.html"]}],"webviewParameter":{"titleNView":{"buttons":[{"text":"\ue602","float":"right","fontSize":"27px","fontSrc":"_www\/__wap2app.ttf","onclick":"javascript:var detail = plus.webview.getWebviewById('pages\/mdd\/dizhiDetail');detail && detail.evalJS('wap2app.openShare();');"}]},"appendCss":".MfwHead,#pos65,#pos68,.photos.clearfix>div,.open_app,.clearfix .l-text span i{display:none!important;}"}},{"webviewId":"pages\/mdd\/jdComment","matchUrls":[{"hostname":["^m\\.mafengwo\\.cn$","^www\\.mafengwo\\.cn$"],"pathname":["^\\\/poi\\\/comment\\_[0-9]+"]}],"webviewParameter":{"appendCss":"#floatAd,.head2home,.MfwHead,#pos65,#pos68,.photos.clearfix>div,.open_app,.clearfix .l-text span i{display:none!important;}"}},{"webviewId":"pages\/mdd\/comment_form","matchUrls":[{"hostname":["^m\\.mafengwo\\.cn$","^www\\.mafengwo\\.cn$"],"pathname":["^\\\/poi\\\/comment_form\\\/index$"]}],"webviewParameter":{"titleNView":{"titleText":"\u53d1\u8868\u8bc4\u8bba","buttons":[{"text":"\u53d1\u5e03","float":"right","fontSize":"14px","onclick":"javascript:var detail = plus.webview.getWebviewById('pages\/mdd\/comment_form');detail && detail.evalJS('$(\\'#_j_comment_form\\').submit()');"}]},"appendCss":"#floatAd,.head2home,.MfwHead,#pos65,#pos68,.photos.clearfix>div,.open_app,.clearfix .l-text span i{display:none!important;}.m-head{margin-top:-51px!important;}"},"easyConfig":{"back":{"mask":false}}},{"webviewId":"pages\/mdd\/map","matchUrls":[{"hostname":["^m\\.mafengwo\\.cn$","^www\\.mafengwo\\.cn$"],"pathname":["\\\/(yl|jd|cy|gw)\\\/[0-9]+\\\/[0-9]+\\-0\\.html"]}],"webviewParameter":{"titleNView":{"titleText":"\u5730\u56fe "},"appendCss":"a[target='_blank'],.view-link,#floatAd,.head2home,.MfwHead,#pos65,#pos68,.photos.clearfix>div,.open_app,.clearfix .l-text span i{display:none!important;}.m-head{margin-top:-51px!important;}"},"easyConfig":{"back":{"mask":false}}},{"webviewId":"pages\/mdd\/ziyouxingList","matchUrls":[{"hostname":["^m\\.mafengwo\\.cn$","^www\\.mafengwo\\.cn$"],"pathname":["\\\/gonglve\\\/ziyouxing\\\/mdd\\_[0-9]+"]}],"webviewParameter":{"appendCss":".head2home,.MfwHead,#pos65,#pos68,.photos.clearfix>div,.open_app,.clearfix .l-text span i{display:none!important;}.m-head{margin-top:-51px!important;}"}},{"webviewId":"pages\/mdd\/ziyouxingDetail","matchUrls":[{"hostname":["^m\\.mafengwo\\.cn$","^www\\.mafengwo\\.cn$"],"pathname":["\\\/gonglve\\\/ziyouxing\\\/[0-9]+\\.html","^\\\/gl\\\/article\\\/index$","\\\/localdeals\\\/mdd\\_topic\\_[0-9]+\\\/"]}],"webviewParameter":{"titleNView":{"buttons":[{"text":"\ue602","float":"right","fontSize":"27px","fontSrc":"_www\/__wap2app.ttf","onclick":"javascript:var detail = plus.webview.getWebviewById('pages\/mdd\/ziyouxingDetail');detail && detail.evalJS('wap2app.openShare();');"}]},"appendCss":".poi,#pos191,#pos191+.mfw-pic,.footbar,.head2home,.MfwHead,#pos65,#pos68,.photos.clearfix>div,.open_app,.clearfix .l-text span i{display:none!important;}.m-head{margin-top:-51px!important;}"}},{"webviewId":"pages\/mdd\/ziyouxingPinglun","matchUrls":[{"hostname":["^m\\.mafengwo\\.cn$","^www\\.mafengwo\\.cn$"],"pathname":["\\\/gonglve\\\/ziyouxing\\\/comment\\\/[0-9]+\\.html","^\\\/gl\\\/article\\\/comment_list$"]}],"webviewParameter":{"titleNView":{},"appendCss":".appgo,#pos191,#pos191+.mfw-pic,.footbar,.head2home,.MfwHead,#pos65,#pos68,.photos.clearfix>div,.open_app,.clearfix .l-text span i{display:none!important;}.m-head{margin-top:-51px!important;}"}},{"webviewId":"pages\/mdd\/xingchengList","matchUrls":[{"hostname":["^m\\.mafengwo\\.cn$","^www\\.mafengwo\\.cn$"],"pathname":["^\\\/schedule\\\/list\\\/index$"]}],"webviewParameter":{"titleNView":{"titleText":"\u884c\u7a0b\u63a8\u8350"},"appendCss":"#pos191,#pos191+.mfw-pic,.footbar,.head2home,.MfwHead,#pos65,#pos68,.photos.clearfix>div,.open_app,.clearfix .l-text span i{display:none!important;}.m-head{margin-top:-51px!important;}"}},{"webviewId":"pages\/mdd\/xingchengDetail","matchUrls":[{"hostname":["^m\\.mafengwo\\.cn$","^www\\.mafengwo\\.cn$"],"pathname":["^\\\/schedule\\\/info\\\/index$"]}],"webviewParameter":{"appendCss":"#pos191,#pos191+.mfw-pic,.footbar,.head2home,.MfwHead,#pos65,#pos68,.photos.clearfix>div,.open_app,.clearfix .l-text span i{display:none!important;}.m-head{margin-top:-51px!important;}"}},{"webviewId":"pages\/mdd\/quickbuy","matchUrls":[{"hostname":["^m\\.mafengwo\\.cn$","^www\\.mafengwo\\.cn$"],"pathname":["\\\/localdeals\\\/quickbuy\\\/[0-9]+"]}],"webviewParameter":{"appendCss":"#pos191,#pos191+.mfw-pic,.footbar,.head2home,.MfwHead,#pos65,#pos68,.photos.clearfix>div,.open_app,.clearfix .l-text span i{display:none!important;}.m-head{margin-top:-51px!important;}"}},{"webviewId":"pages\/note\/index","matchUrls":[{"hostname":["^m\\.mafengwo\\.cn$","^www\\.mafengwo\\.cn$"],"pathname":["^\\\/note\\\/$"]}],"webviewParameter":{"titleNView":{"titleText":"\u6e38\u8bb0\u5217\u8868"},"appendCss":".head2home,.MfwHead,#pos65,#pos68,.photos.clearfix>div,.open_app{display:none!important;}"}},{"webviewId":"pages\/note\/calendar","matchUrls":[{"hostname":["^m\\.mafengwo\\.cn$","^www\\.mafengwo\\.cn$"],"pathname":["^\\\/note\\\/calendar\\.php$"]}],"webviewParameter":{"titleNView":{"titleText":"\u5386\u5386\u5728\u76ee"},"appendCss":".btn-back,.head2home,.MfwHead,#pos65,#pos68,.photos.clearfix>div,.open_app{display:none!important;} .year-nav{padding:0!important;}"},"easyConfig":{"back":{"history":false}}},{"webviewId":"pages\/note\/dizhi","matchUrls":[{"hostname":["^m\\.mafengwo\\.cn$","^www\\.mafengwo\\.cn$"],"pathname":["\\\/yj\\\/[0-9]+"]}],"webviewParameter":{"appendCss":".ard_tips,.head2home,.MfwHead,#pos65,#pos68,.photos.clearfix>div,.open_app,#pos47,.note-fun,.note-route{display:none!important;} .woolen-glass{-webkit-filter: inherit!important;filter: inherit!important;} .nt-links{opacity:0!important;}"}},{"webviewId":"pages\/note\/noteDetail","matchUrls":[{"hostname":["^m\\.mafengwo\\.cn$","^www\\.mafengwo\\.cn$"],"pathname":["^\\\/i\/[0-9]+\\.html"]}],"webviewParameter":{"titleNView":{"buttons":[{"text":"\ue602","float":"right","fontSize":"27px","fontSrc":"_www\/__wap2app.ttf","onclick":"javascript:var detail = plus.webview.getWebviewById('pages\/note\/noteDetail');detail && detail.evalJS('wap2app.openShare();');"},{"text":"\ue604","float":"right","fontSize":"27px","fontSrc":"_www\/__wap2app.ttf","onclick":"javascript:var detail = plus.webview.getWebviewById('pages\/note\/noteDetail');detail && detail.evalJS('$(\\'.i-collect._j_do_fav\\').trigger(\\'tap\\');');"}]},"appendCss":".notes-detail .dn{display:block!important;}.ard_tips,.head2home,.MfwHead,#pos65,#pos68,.photos.clearfix>div,.open_app,#pos47,.note-fun,.note-route,.tips_box{display:none!important;} .woolen-glass{-webkit-filter: inherit!important;filter: inherit!important;} .nt-links{opacity:0!important;}"}},{"webviewId":"pages\/wenda\/index","matchUrls":[{"hostname":["^m\\.mafengwo\\.cn$","^www\\.mafengwo\\.cn$"],"pathname":["^\\\/wenda\\\/$"]}],"webviewParameter":{"titleNView":{"titleText":"\u8682\u8702\u7a9d\u95ee\u7b54"},"appendCss":".ard_tips,.head2home,.MfwHead,#pos65,#pos68,.photos.clearfix>div,.open_app,#pos47,.note-fun,.note-route{display:none!important;} .woolen-glass{-webkit-filter: inherit!important;filter: inherit!important;} .nt-links{opacity:0!important;}"}},{"webviewId":"pages\/wenda\/help","matchUrls":[{"hostname":["^m\\.mafengwo\\.cn$","^www\\.mafengwo\\.cn$"],"pathname":["^\\\/g\\\/i\\\/2947107\\.html$"]}],"webviewParameter":{"titleNView":{"titleText":"\u8682\u8702\u7a9d\u95ee\u7b54\u4f7f\u7528\u624b\u518c"},"appendCss":".comment-bar,.ard_tips,.head2home,.MfwHead,#pos65,#pos68,.photos.clearfix>div,.open_app,#pos47,.note-fun,.note-route{display:none!important;} .woolen-glass{-webkit-filter: inherit!important;filter: inherit!important;} .nt-links{opacity:0!important;}"}},{"webviewId":"pages\/wenda\/search","matchUrls":[{"hostname":["^m\\.mafengwo\\.cn$","^www\\.mafengwo\\.cn$"],"pathname":["^\\\/wenda\\\/list\\\/search$"]}],"webviewParameter":{"titleNView":{"titleText":"\u641c\u7d22\u7ed3\u679c"},"appendCss":".btn-que,.comment-bar,.ard_tips,.head2home,.MfwHead,#pos65,#pos68,.photos.clearfix>div,.open_app,#pos47,.note-fun,.note-route{display:none!important;} .woolen-glass{-webkit-filter: inherit!important;filter: inherit!important;} .nt-links{opacity:0!important;}"},"easyConfig":{"back":{"history":false}}},{"webviewId":"pages\/wenda\/programme","matchUrls":[{"hostname":["^m\\.mafengwo\\.cn$","^www\\.mafengwo\\.cn$"],"pathname":["\\\/wenda\\\/detail\\-[0-9]+\\.html"]}],"webviewParameter":{"titleNView":{"buttons":[{"text":"\ue602","float":"right","fontSize":"27px","fontSrc":"_www\/__wap2app.ttf","onclick":"javascript:var detail = plus.webview.getWebviewById('pages\/wenda\/programme');detail && detail.evalJS('wap2app.openShare();');"}]},"appendCss":".relevant_more,.omcToBan,.ard_tips,.head2home,.MfwHead,#pos65,#pos68,.photos.clearfix>div,.open_app,#pos47,.note-fun,.note-route{display:none!important;}"}},{"webviewId":"pages\/wenda\/answer","matchUrls":[{"hostname":["^m\\.mafengwo\\.cn$","^www\\.mafengwo\\.cn$"],"pathname":["\\\/wenda\\\/detail\\-[0-9]+\\-[0-9]+\\.html"]}],"webviewParameter":{"titleNView":{"buttons":[{"text":"\ue602","float":"right","fontSize":"27px","fontSrc":"_www\/__wap2app.ttf","onclick":"javascript:var detail = plus.webview.getWebviewById('pages\/wenda\/answer');detail && detail.evalJS('wap2app.openShare();');"}]},"appendCss":"#answer_ruanwen,#_j_more_comment,#relevant_more,.expand-more,.relevant_more,.omcToBan,.ard_tips,.head2home,.MfwHead,#pos65,#pos68,.photos.clearfix>div,.open_app,#pos47,.note-fun,.note-route{display:none!important;} .ans-article{height:auto!important;}"}},{"webviewId":"pages\/wenda\/Myhuida","matchUrls":[{"hostname":["^m\\.mafengwo\\.cn$","^www\\.mafengwo\\.cn$"],"pathname":["^\\\/wenda\\\/replyask\\.php$"]}],"webviewParameter":{"titleNView":{"titleText":"\u6dfb\u52a0\u7b54\u6848"},"appendCss":"#answer_ruanwen,#_j_more_comment,#relevant_more,.expand-more,.relevant_more,.omcToBan,.ard_tips,.head2home,.MfwHead,#pos65,#pos68,.photos.clearfix>div,.open_app,#pos47,.note-fun,.note-route{display:none!important;} .ans-article{height:auto!important;}"}},{"webviewId":"pages\/wenda\/Mytiwen","matchUrls":[{"hostname":["^m\\.mafengwo\\.cn$","^www\\.mafengwo\\.cn$"],"pathname":["^\\\/wenda\\\/list\\\/publish$"]}],"webviewParameter":{"titleNView":{"titleText":"\u63d0\u95ee"},"appendCss":"#answer_ruanwen,#_j_more_comment,#relevant_more,.expand-more,.relevant_more,.omcToBan,.ard_tips,.head2home,.MfwHead,#pos65,#pos68,.photos.clearfix>div,.open_app,#pos47,.note-fun,.note-route{display:none!important;} .ans-article{height:auto!important;}"}},{"webviewId":"pages\/frend\/index","matchUrls":[{"hostname":["^m\\.mafengwo\\.cn$","^www\\.mafengwo\\.cn$"],"pathname":["^\\\/together\\\/$"]}],"webviewParameter":{"titleNView":{"titleText":"\u7ed3\u4f34"},"appendCss":"#answer_ruanwen,#_j_more_comment,#relevant_more,.expand-more,.relevant_more,.omcToBan,.ard_tips,.head2home,.MfwHead,#pos65,#pos68,.photos.clearfix>div,.open_app,#pos47,.note-fun,.note-route{display:none!important;} .ans-article{height:auto!important;}"}},{"webviewId":"pages\/frend\/publish","matchUrls":[{"hostname":["^m\\.mafengwo\\.cn$","^www\\.mafengwo\\.cn$"],"pathname":["^\\\/together\\\/publish\\\/$"]}],"webviewParameter":{"titleNView":{"titleText":"\u53d1\u8d77\u7ed3\u4f34"},"appendCss":"#answer_ruanwen,#_j_more_comment,#relevant_more,.expand-more,.relevant_more,.omcToBan,.ard_tips,.head2home,.MfwHead,#pos65,#pos68,.photos.clearfix>div,.open_app,#pos47,.note-fun,.note-route{display:none!important;} body{width:100%}"}},{"webviewId":"pages\/frend\/detail","matchUrls":[{"hostname":["^m\\.mafengwo\\.cn$","^www\\.mafengwo\\.cn$"],"pathname":["\\\/together\\\/detail\\\/[0-9]+\\.html"]}],"webviewParameter":{"appendCss":"#answer_ruanwen,#_j_more_comment,#relevant_more,.expand-more,.relevant_more,.omcToBan,.ard_tips,.head2home,.MfwHead,#pos65,#pos68,.photos.clearfix>div,.open_app,#pos47,.note-fun,.note-route{display:none!important;} body{width:100%}"}},{"webviewId":"pages\/frend\/apply","matchUrls":[{"hostname":["^m\\.mafengwo\\.cn$","^www\\.mafengwo\\.cn$"],"pathname":["\\\/together\\\/apply\\\/[0-9]+\\.html"]}],"webviewParameter":{"titleNView":{"titleText":"\u7ed3\u4f34\u62a5\u540d"},"appendCss":"#answer_ruanwen,#_j_more_comment,#relevant_more,.expand-more,.relevant_more,.omcToBan,.ard_tips,.head2home,.MfwHead,#pos65,#pos68,.photos.clearfix>div,.open_app,#pos47,.note-fun,.note-route{display:none!important;} body{width:100%}"}},{"webviewId":"pages\/hotel\/index","matchUrls":[{"hostname":["^m\\.mafengwo\\.cn$","^www\\.mafengwo\\.cn$"],"pathname":["^\\\/hotel\\\/$"]}],"webviewParameter":{"titleNView":{"titleText":"\u9152\u5e97\u9884\u5b9a"},"appendCss":".fsp-close,#open_to_app,#answer_ruanwen,#_j_more_comment,#relevant_more,.expand-more,.relevant_more,.omcToBan,.ard_tips,.head2home,.MfwHead,#pos65,#pos68,.photos.clearfix>div,.open_app,#pos47,.note-fun,.note-route{display:none!important;} body{width:100%}"}},{"webviewId":"pages\/hotel\/list","matchUrls":[{"hostname":["^m\\.mafengwo\\.cn$","^www\\.mafengwo\\.cn$"],"pathname":["\\\/hotel\\\/[0-9]+\\\/","\\\/hotel\\\/area\\_[0-9]+\\.html"]}],"webviewParameter":{"appendCss":" .toolbar{top:0!important;} .hotel-list-wrapper{padding-top:44px!important;}.fsp-close,#open_to_app,#answer_ruanwen,#_j_more_comment,#relevant_more,.expand-more,.relevant_more,.omcToBan,.ard_tips,.head2home,.MfwHead,#pos65,#pos68,.photos.clearfix>div,.open_app,#pos47,.note-fun,.note-route{display:none!important;} body{width:100%}"}},{"webviewId":"pages\/hotel\/detail","matchUrls":[{"hostname":["^m\\.mafengwo\\.cn$","^www\\.mafengwo\\.cn$"],"pathname":["\\\/hotel\\\/[0-9]+\\.html"]}],"webviewParameter":{"titleNView":{"buttons":[{"text":"\ue602","float":"right","fontSize":"27px","fontSrc":"_www\/__wap2app.ttf","onclick":"javascript:var detail = plus.webview.getWebviewById('pages\/hotel\/detail');detail && detail.evalJS('wap2app.openShare();');"}]},"appendCss":".clearfix.forOmc,.T-head,.fsp-close,.album-head,.img-back,#full_cold,#advertise,#blank,#salesGLAd,#open_to_app{display:none!important} header{display:none!important;} .nav-scroll{top:0!important;} .album-scroll-wrapper{padding-top:1.31rem!important;}.fsp-close,#open_to_app,#answer_ruanwen,#_j_more_comment,#relevant_more,.expand-more,.relevant_more,.omcToBan,.ard_tips,.head2home,.MfwHead,#pos65,#pos68,.photos.clearfix>div,.open_app,#pos47,.note-fun,.note-route{display:none!important;} body{width:100%}"}},{"webviewId":"pages\/hotel\/map","matchUrls":[{"hostname":["^m\\.mafengwo\\.cn$","^www\\.mafengwo\\.cn$"],"pathname":["\\\/poi\\\/map\\_[0-9]+\\.html"]}],"webviewParameter":{"titleNView":{"titleText":"\u5730\u56fe"},"appendCss":"a[target='_blank'],.back{display:none!important;}"}},{"webviewId":"pages\/hotel\/booking","matchUrls":[{"hostname":["^m\\.mafengwo\\.cn$","^www\\.mafengwo\\.cn$"],"pathname":["^\\\/booking\\\/go2booking\\.php$","^\\\/hotel\\\/room\\\/$"]}],"webviewParameter":{"appendCss":".wrap{padding-top:0!important;} .fiexd_xd{top:0!important;}.fsp-close,.relevant_more,.omcToBan,.ard_tips,.head2home,.MfwHead,#pos65,#pos68,.photos.clearfix>div,.open_app,#pos47,.note-fun,.note-route{display:none!important;}"}},{"webviewId":"pages\/sales\/index","matchUrls":[{"hostname":["^m\\.mafengwo\\.cn$","^www\\.mafengwo\\.cn$"],"pathname":["^\\\/sales\\\/$"]}],"webviewParameter":{"titleNView":{"titleText":"\u65c5\u884c\u5546\u57ce"},"appendCss":".T-head,.relevant_more,.omcToBan,.ard_tips,.head2home,.MfwHead,#pos65,#pos68,.photos.clearfix>div,.open_app,#pos47,.note-fun,.note-route{display:none!important;}"}},{"webviewId":"pages\/sales\/visa","matchUrls":[{"hostname":["^m\\.mafengwo\\.cn$","^www\\.mafengwo\\.cn$"],"pathname":["^\\\/sales\\\/visa\\\/$"]}],"webviewParameter":{"titleNView":{"titleText":"\u7b7e\u8bc1"},"appendCss":".T-head,.relevant_more,.omcToBan,.ard_tips,.head2home,.MfwHead,#pos65,#pos68,.photos.clearfix>div,.open_app,#pos47,.note-fun,.note-route{display:none!important;}"},"easyConfig":{"back":{"before":[{"closeSelector":".searchpop.hide.clickSearch #j_exit_search","popupSelector":".searchpop.hide.clickSearch"}]}}},{"webviewId":"pages\/sales\/list","matchUrls":[{"hostname":["^m\\.mafengwo\\.cn$","^www\\.mafengwo\\.cn$"],"pathname":["^\\\/sales\\\/list\\.php$","^\\\/sales\\\/no_filter_list\\.php$"]}],"webviewParameter":{"titleNView":{"titleText":"\u5546\u54c1\u5217\u8868"},"appendCss":".sortbar .droplist .footbtn{position:fixed!important;bottom:0!important;}.sortbar>div{top:1.13rem!important;}.T-head,.relevant_more,.omcToBan,.ard_tips,.head2home,.MfwHead,#pos65,#pos68,.photos.clearfix>div,.open_app,#pos47,.note-fun,.note-route{display:none!important;}"}},{"webviewId":"pages\/sales\/hotsales","matchUrls":[{"hostname":["^m\\.mafengwo\\.cn$","^www\\.mafengwo\\.cn$"],"pathname":["^\\\/sales\\\/hotsales\\.php$"]}],"webviewParameter":{"appendCss":".wrapper.pro{padding-top:0!important;}.itemNav.fixedNav{top:0!important;}#hideBuyPop,#header,.T-head,.relevant_more,.omcToBan,.ard_tips,.head2home,.MfwHead,#pos65,#pos68,.photos.clearfix>div,.open_app,#pos47,.note-fun,.note-route{display:none!important;}"}},{"webviewId":"pages\/sales\/refer_line","matchUrls":[{"hostname":["^m\\.mafengwo\\.cn$","^www\\.mafengwo\\.cn$"],"pathname":["^\\\/refer_line\\\/mall_entrance\\.php$","^\\\/refer_line\\\/demand_submission\\.php$"]}],"webviewParameter":{"titleNView":{"titleText":"\u5b9a\u5236\u6e38"},"appendCss":".wrapper.pro{padding-top:0!important;}.itemNav.fixedNav{top:0!important;}.btn.back._j_panel_close,#hideBuyPop,#header,.T-head,.relevant_more,.omcToBan,.ard_tips,.head2home,.MfwHead,#pos65,#pos68,.photos.clearfix>div,.open_app,#pos47,.note-fun,.note-route{display:none!important;}"}},{"webviewId":"pages\/sales\/refer_line_success","matchUrls":[{"hostname":["^m\\.mafengwo\\.cn$","^www\\.mafengwo\\.cn$"],"pathname":["^\\\/refer_line\\\/submit_success\\.php$"]}],"webviewParameter":{"titleNView":{"titleText":"\u63d0\u4ea4\u6210\u529f"},"appendCss":".wrapper.pro{padding-top:0!important;}.itemNav.fixedNav{top:0!important;}.btn.back._j_panel_close,#hideBuyPop,#header,.T-head,.relevant_more,.omcToBan,.ard_tips,.head2home,.MfwHead,#pos65,#pos68,.photos.clearfix>div,.open_app,#pos47,.note-fun,.note-route{display:none!important;}"}},{"webviewId":"pages\/sales\/refer_line_list","matchUrls":[{"hostname":["^m\\.mafengwo\\.cn$","^www\\.mafengwo\\.cn$"],"pathname":["^\\\/refer_line\\\/aggregation_country\\.php$"]}],"webviewParameter":{"titleNView":{"titleText":"\u63d0\u4ea4\u6210\u529f"},"appendCss":".wrapper.pro{padding-top:0!important;}.itemNav.fixedNav{top:0!important;}.btn.back._j_panel_close,#hideBuyPop,#header,.T-head,.relevant_more,.omcToBan,.ard_tips,.head2home,.MfwHead,#pos65,#pos68,.photos.clearfix>div,.open_app,#pos47,.note-fun,.note-route{display:none!important;}"}},{"webviewId":"pages\/sales\/detail","matchUrls":[{"hostname":["^m\\.mafengwo\\.cn$","^www\\.mafengwo\\.cn$"],"pathname":["\\\/sales\\\/[0-9]+\\.html"]}],"webviewParameter":{"titleNView":{"buttons":[{"text":"\ue602","float":"right","fontSize":"27px","fontSrc":"_www\/__wap2app.ttf","onclick":"javascript:var detail = plus.webview.getWebviewById('pages\/sales\/detail');detail && detail.evalJS('wap2app.openShare();');"}]},"appendCss":".wrapper.pro{padding-top:0!important;}.itemNav.fixedNav{top:0!important;}#hideBuyPop,#header,.T-head,.relevant_more,.omcToBan,.ard_tips,.head2home,.MfwHead,#pos65,#pos68,.photos.clearfix>div,.open_app,#pos47,.note-fun,.note-route{display:none!important;}"}},{"webviewId":"pages\/sales\/booking","matchUrls":[{"hostname":["^m\\.mafengwo\\.cn$","^www\\.mafengwo\\.cn$"],"pathname":["^\\\/sales\\\/booking\\.php$"]}],"webviewParameter":{"titleNView":{"titleText":"\u786e\u8ba4\u8ba2\u5355"},"appendCss":".wrapper.pro{padding-top:0!important;}.itemNav.fixedNav{top:0!important;}#hideBuyPop,#header,.T-head,.relevant_more,.omcToBan,.ard_tips,.head2home,.MfwHead,#pos65,#pos68,.photos.clearfix>div,.open_app,#pos47,.note-fun,.note-route{display:none!important;}"}},{"webviewId":"pages\/sales\/shop","matchUrls":[{"hostname":["^m\\.mafengwo\\.cn$","^www\\.mafengwo\\.cn$"],"pathname":["\\\/sales\\\/shop\\\/[0-9]+"]}],"webviewParameter":{"titleNView":{"titleText":"\u786e\u8ba4\u8ba2\u5355","buttons":[{"text":"\u641c\u7d22","float":"right","fontSize":"14px","fontSrc":"_www\/__wap2app.ttf","onclick":"javascript:var detail=plus.webview.getWebviewById('pages\/sales\/shop');if(detail){var url=detail.__wap2app_url;console.log(url);var id=url.split('shop\/')[1];wap2app.open('https:\/\/m.mafengwo.cn\/sales\/shop\/page\/cate?iId='+id)};"}]},"appendCss":".wrapper.pro{padding-top:0!important;}header.sp-head .nav-top{top:0!important;}.sp-all .lst-nav01{top:1.06667rem!important;}.trap,.fir-nav,header.sp-head .fir-nav .filter span,.filter{height:1.1rem!important;}header.sp-head .fir-nav .shop-int{top: 0.017rem;margin-top:0!important;} .heg80,.heg60,.sch-cont,#hideBuyPop,#header,.T-head,.relevant_more,.omcToBan,.ard_tips,.head2home,.MfwHead,#pos65,#pos68,.photos.clearfix>div,.open_app,#pos47,.note-fun,.note-route{display:none!important;}"}},{"webviewId":"pages\/sales\/search","matchUrls":[{"hostname":["^m\\.mafengwo\\.cn$","^www\\.mafengwo\\.cn$"],"pathname":["^\\\/sales\\\/shop\\\/page\\\/cate$"]}],"webviewParameter":{"appendCss":".mainContainer{padding-top:0!important;}.head-box,.sch-cont,#hideBuyPop,#header,.T-head,.relevant_more,.omcToBan,.ard_tips,.head2home,.MfwHead,#pos65,#pos68,.photos.clearfix>div,.open_app,#pos47,.note-fun,.note-route{display:none!important;}"}},{"webviewId":"pages\/sales\/shopAll","matchUrls":[{"hostname":["^m\\.mafengwo\\.cn$","^www\\.mafengwo\\.cn$"],"pathname":["^\\\/sales\\\/shop\\\/page\\\/list$"]}],"webviewParameter":{"appendCss":".sp-all .mt-list{margin-top:1.06667rem!important;}.third-nav.lst-nav{top:0!important;}.head-box,.sch-cont,#hideBuyPop,#header,.T-head,.relevant_more,.omcToBan,.ard_tips,.head2home,.MfwHead,#pos65,#pos68,.photos.clearfix>div,.open_app,#pos47,.note-fun,.note-route{display:none!important;}"}},{"webviewId":"pages\/flight\/index","matchUrls":[{"hostname":["^m\\.mafengwo\\.cn$","^www\\.mafengwo\\.cn$"],"pathname":["^\\\/flight\\\/$"]}],"webviewParameter":{"titleNView":{"titleText":"\u673a\u7968"},"appendCss":".fixed-tool,.act-entry,.f-head,.sch-cont,#hideBuyPop,#header,.T-head,.relevant_more,.omcToBan,.ard_tips,.head2home,.MfwHead,#pos65,#pos68,.photos.clearfix>div,.open_app,#pos47,.note-fun,.note-route{display:none!important;}"}},{"webviewId":"pages\/flight\/serviceEnsure","matchUrls":[{"hostname":["^m\\.mafengwo\\.cn$","^www\\.mafengwo\\.cn$"],"pathname":["^\\\/flight\\\/serviceEnsure$"]}],"webviewParameter":{"titleNView":{"titleText":"\u8702\u884c\u5929\u4e0b"},"appendCss":".fixed-tool,.act-entry,.f-head,.sch-cont,#hideBuyPop,#header,.T-head,.relevant_more,.omcToBan,.ard_tips,.head2home,.MfwHead,#pos65,#pos68,.photos.clearfix>div,.open_app,#pos47,.note-fun,.note-route{display:none!important;}"}},{"webviewId":"pages\/flight\/list","matchUrls":[{"hostname":["^m\\.mafengwo\\.cn$","^www\\.mafengwo\\.cn$"],"pathname":["^\\\/flight\\\/list$"]}],"webviewParameter":{"appendCss":".fsp-close,.act-entry,.f-head,.sch-cont,#hideBuyPop,#header,.T-head,.relevant_more,.omcToBan,.ard_tips,.head2home,.MfwHead,#pos65,#pos68,.photos.clearfix>div,.open_app,#pos47,.note-fun,.note-route{display:none!important;}"}},{"webviewId":"pages\/flight\/detail","matchUrls":[{"hostname":["^m\\.mafengwo\\.cn$","^www\\.mafengwo\\.cn$"],"pathname":["^\\\/flight\\\/seats$"]}],"webviewParameter":{"appendCss":".fsp-close,.act-entry,.f-head,.sch-cont,#hideBuyPop,#header,.T-head,.relevant_more,.omcToBan,.ard_tips,.head2home,.MfwHead,#pos65,#pos68,.photos.clearfix>div,.open_app,#pos47,.note-fun,.note-route{display:none!important;}"}},{"webviewId":"pages\/flight\/booking","matchUrls":[{"hostname":["^m\\.mafengwo\\.cn$","^www\\.mafengwo\\.cn$"],"pathname":["^\\\/flight\\\/book$"]}],"webviewParameter":{"titleNView":{"titleText":"\u63d0\u4ea4\u8ba2\u5355"},"appendCss":".btn-back\uff0c.fsp-close,.act-entry,.f-head,.sch-cont,#hideBuyPop,#header,.T-head,.relevant_more,.omcToBan,.ard_tips,.head2home,.MfwHead,#pos65,#pos68,.photos.clearfix>div,.open_app,#pos47,.note-fun,.note-route{display:none!important;}"}},{"webviewId":"pages\/flight\/guide","matchUrls":[{"hostname":["^m\\.mafengwo\\.cn$","^www\\.mafengwo\\.cn$"],"pathname":["^\\\/flight\\\/guide$"]}],"webviewParameter":{"titleNView":{"titleText":"\u4e58\u673a\u6307\u5357"},"appendCss":".f-head,.btn-back\uff0c.fsp-close,.act-entry,.f-head,.sch-cont,#hideBuyPop,#header,.T-head,.relevant_more,.omcToBan,.ard_tips,.head2home,.MfwHead,#pos65,#pos68,.photos.clearfix>div,.open_app,#pos47,.note-fun,.note-route{display:none!important;}"}},{"webviewId":"pages\/localdeals\/index","matchUrls":[{"hostname":["^m\\.mafengwo\\.cn$","^www\\.mafengwo\\.cn$"],"pathname":["^\\\/localdeals\\\/$"]}],"webviewParameter":{"titleNView":{"titleText":"\u5f53\u5730\u6e38"},"appendCss":".btn-back\uff0c.fsp-close,.act-entry,.f-head,.sch-cont,#hideBuyPop,#header,.T-head,.relevant_more,.omcToBan,.ard_tips,.head2home,.MfwHead,#pos65,#pos68,.photos.clearfix>div,.open_app,#pos47,.note-fun,.note-route{display:none!important;}"},"easyConfig":{"back":{"before":[{"popupSelector":".searchpop.hide.clickSearch","closeSelector":"#j_exit_search"}]}}},{"webviewId":"pages\/localdeals\/detail","matchUrls":[{"hostname":["^m\\.mafengwo\\.cn$","^www\\.mafengwo\\.cn$"],"pathname":["\\\/localdeals\\\/[0-9]+\\\/"]}],"webviewParameter":{"appendCss":".btn-back\uff0c.fsp-close,.act-entry,.f-head,.sch-cont,#hideBuyPop,#header,.T-head,.relevant_more,.omcToBan,.ard_tips,.head2home,.MfwHead,#pos65,#pos68,.photos.clearfix>div,.open_app,#pos47,.note-fun,.note-route{display:none!important;}"},"easyConfig":{"back":{"before":[{"popupSelector":".searchpop.hide.clickSearch","closeSelector":"#j_exit_search"}]}}},{"webviewId":"pages\/user\/login","matchUrls":[{"hostname":["^passport\\.mafengwo\\.cn$"],"pathname":["^\\\/$","^\\\/login-quick\\.html$","^\\\/login\\.html$","^\\\/regist\\.html$"]}],"webviewParameter":{"titleNView":{"titleText":"\u5e10\u53f7\u767b\u5f55"},"appendCss":".Nav-tab a{border-top:none!important;}.connect,.logo,#hideBuyPop,#header,.T-head,.relevant_more,.omcToBan,.ard_tips,.head2home,#pos65,#pos68,.photos.clearfix>div,.open_app,#pos47,.note-fun,.note-route,.huodong{display:none!important;}"},"easyConfig":{"back":{"history":false},"fastInput":[{"selector":"input[name='mobile']","type":"tel"},{"selector":"input[name='smscode']","type":"number"},{"selector":"#_j_signup_form input[name='passport']","type":"tel"}]}},{"webviewId":"pages\/user\/getmima","matchUrls":[{"hostname":["^passport\\.mafengwo\\.cn$"],"pathname":["^\\\/forget\\\/$","^\\\/forget$"]}],"webviewParameter":{"titleNView":{"titleText":"\u627e\u56de\u5bc6\u7801"},"appendCss":"body{padding-top:20px;}.Nav-tab a{border-top:none!important;}.connect,.logo,#hideBuyPop,#header,.T-head,.relevant_more,.omcToBan,.ard_tips,.head2home,#pos65,#pos68,.photos.clearfix>div,.open_app,#pos47,.note-fun,.note-route,.huodong{display:none!important;}"},"easyConfig":{"back":{"history":false}}},{"webviewId":"pages\/user\/idnex","matchUrls":[{"hostname":["^m\\.mafengwo\\.cn$","^www\\.mafengwo\\.cn$"],"pathname":["^\\\/user\\\/$"],"search":["^\\?index\\=1$"]}],"webviewParameter":{"titleNView":{"titleText":"\u4e2a\u4eba\u4e2d\u5fc3","buttons":[{"text":"\uf13b","float":"right","fontSize":"19px","fontSrc":"_www\/font\/public.ttf","onclick":"javascript:var detail=plus.webview.getWebviewById('pages\/user\/idnex'); detail && detail.evalJS('$(\\'#_j_topsetting_list\\').toggle();')"}]},"appendCss":".MfwHead{margin-top:-51px!important;}header.sp-head .fir-nav .shop-int{top: 0.017rem;margin-top:0!important;} .shangdian,.heg60,.sch-cont,#hideBuyPop,#header,.T-head,.relevant_more,.omcToBan,.ard_tips,.head2home,#pos65,#pos68,.photos.clearfix>div,.open_app,#pos47,.note-fun,.note-route,.huodong{display:none!important;}"}},{"webviewId":"pages\/user\/other","matchUrls":[{"hostname":["^m\\.mafengwo\\.cn$","^www\\.mafengwo\\.cn$"],"pathname":["^\\\/user\\\/$","\\\/u\\\/[0-9]+\\.html","^\\\/user\\\/profile\\\/weng$"]}],"webviewParameter":{"appendCss":".btn.back._j_close,#pos38+.MfwHead,.shangdian,.heg60,.sch-cont,#hideBuyPop,#header,.T-head,.relevant_more,.omcToBan,.ard_tips,.head2home,#pos65,#pos68,.photos.clearfix>div,.open_app,#pos47,.note-fun,.note-route,.huodong{display:none!important;}"}},{"webviewId":"pages\/user\/wallet","matchUrls":[{"hostname":["^m\\.mafengwo\\.cn$","^www\\.mafengwo\\.cn$"],"pathname":["^\\\/user_wallet\\\/$"]}],"webviewParameter":{"titleNView":{"titleText":"\u6211\u7684\u94b1\u5305"},"appendCss":".MfwHead,.note-fun,.note-route{display:none!important;}"}},{"webviewId":"pages\/user\/fav","matchUrls":[{"hostname":["^m\\.mafengwo\\.cn$","^www\\.mafengwo\\.cn$"],"pathname":["^\\\/sales\\\/fav\\\/$","^\\\/hotel\\\/fav\\\/$","^\\\/sales\\\/fav$","^\\\/hotel\\\/fav$"]}],"webviewParameter":{"titleNView":{"titleText":"\u6211\u7684\u6536\u85cf","buttons":[{"text":"\u7f16\u8f91","float":"right","fontSize":"14px","onclick":"javascript:var detail=plus.webview.getWebviewById('pages\/user\/fav'); detail && detail.evalJS('$(\\'.edit\\').click();')"}]},"appendCss":"#open_to_app,.MfwHead,.note-fun,.note-route{display:none!important;}"}},{"webviewId":"pages\/user\/fav-detail","matchUrls":[{"hostname":["^m\\.mafengwo\\.cn$","^www\\.mafengwo\\.cn$"],"pathname":["\\\/hotel\\\/fav\\\/tag\\\/[0-9]+\\.html"]}],"webviewParameter":{"titleNView":{"titleText":"\u6211\u7684\u6536\u85cf","buttons":[{"text":"\u7f16\u8f91","float":"right","fontSize":"14px","onclick":"javascript:var detail=plus.webview.getWebviewById('pages\/user\/fav-detail'); detail && detail.evalJS('$(\\'.edit\\').click();')"}]},"appendCss":".MfwHead{margin-top:-51px!important;}.g-hotel{margin-top:0px!important;} #_j_opt_list{top:0px!important;}.g-hotel.g-hotel-edit{top:45px!important;} #open_to_app,.note-fun,.note-route,.open_app{display:none!important;}"},"easyConfig":{"back":{"history":false}}},{"webviewId":"pages\/user\/order","matchUrls":[{"hostname":["^m\\.mafengwo\\.cn$","^www\\.mafengwo\\.cn$"],"pathname":["^\\\/order_center\\\/$"]}],"webviewParameter":{"titleNView":{"titleText":"\u6211\u7684\u8ba2\u5355"},"appendCss":".MfwHead,#open_to_app,.note-fun,.note-route,.open_app{display:none!important;}"},"easyConfig":{"back":{"history":false}}},{"webviewId":"pages\/user\/orderDetail","matchUrls":[{"hostname":["^m\\.mafengwo\\.cn$","^www\\.mafengwo\\.cn$"],"pathname":["^\\\/order_center\\\/index\\\/view_order$","^\\\/youyu\\\/order_detail\\.php$"]}],"webviewParameter":{"titleNView":{"titleText":"\u8ba2\u5355\u8be6\u60c5"},"appendCss":".head2home,.f-head,.MfwHead,#open_to_app,.note-fun,.note-route,.open_app{display:none!important;}"},"easyConfig":{"back":{"history":false}}},{"webviewId":"pages\/user\/coupon-comment","matchUrls":[{"hostname":["^m\\.mafengwo\\.cn$","^www\\.mafengwo\\.cn$"],"pathname":["^\\\/sales\\\/coupon$","^\\\/user\\\/info\\\/comment$","^\\\/user\\\/info\\\/note$","^\\\/user\\\/info\\\/weng$"]}],"webviewParameter":{"appendCss":".head2home,.f-head,.MfwHead,#open_to_app,.note-fun,.note-route,.open_app{display:none!important;}"},"easyConfig":{"back":{"history":false}}},{"webviewId":"pages\/user\/Mytogether","matchUrls":[{"hostname":["^m\\.mafengwo\\.cn$","^www\\.mafengwo\\.cn$"],"pathname":["\\\/together\\\/myself\\\/[0-9]+\\.html"]}],"webviewParameter":{"titleNView":{"titleText":"\u6211\u7684\u7ed3\u4f34"},"appendCss":".head2home,.f-head,.MfwHead,#open_to_app,.note-fun,.note-route,.open_app{display:none!important;}"},"easyConfig":{"back":{"history":false}}},{"webviewId":"pages\/user\/gopay","matchUrls":[{"hostname":["^zx\\.mafengwo\\.cn$"],"pathname":["^\\\/go2pay\\.php$"]},{"hostname":["^payitf\\.mafengwo\\.cn$"],"pathname":["^\\\/order\\\/pay_v2\\\/gopay$"]},{"hostname":["^wx\\.tenpay\\.com$"],"pathname":["^\\\/cgi-bin\\\/mmpayweb-bin\\\/checkmweb$"]}],"webviewParameter":{"titleNView":{"titleText":"\u6536\u94f6\u53f0"},"appendCss":".fsp-close,.relevant_more,.omcToBan,.ard_tips,.head2home,.MfwHead,#pos65,#pos68,.photos.clearfix>div,.open_app,#pos47,.note-fun,.note-route{display:none!important;}"}},{"webviewId":"pages\/user\/pay","matchUrls":[{"hostname":["^mapi\\.alipay\\.com$","^mclient\\.alipay\\.com$"],"pathname":["^\\\/gateway\\.do$","^\\\/h5\\\/loginIdPwdToLogin\\.htm$"]},{"hostname":["^h5pay\\.jd\\.com$"],"pathname":["^\\\/jdpay\\\/login$"]}],"webviewParameter":{"appendCss":".am-ft-gray.am-ft-mb-20 .fn-right,.am-header,.mcontentbox .mheader{display:none!important;}"}},{"webviewId":"search","matchUrls":[{"hostname":["^m\\.mafengwo\\.cn$","^www\\.mafengwo\\.cn$"],"pathname":["^\\\/group\\\/s\\.php$","^\\\/mdd\\\/query\\.php$"]}],"webviewParameter":{"appendCss":".head2home,.MfwHead,#open_to_app,.note-fun,.am-ft-gray.am-ft-mb-20 .fn-right,.am-header,.mcontentbox .mheader{display:none!important;}"},"easyConfig":{"back":{"history":false}}},{"webviewId":"common","matchUrls":[{"pathname":[",*"]}],"webviewParameter":{"appendCss":".T-head,.relevant_more,.omcToBan,.ard_tips,.head2home,.MfwHead,#pos65,#pos68,.photos.clearfix>div,.open_app,#pos47,.note-fun,.note-route{display:none!important;}"}}]}